kriol	english
dijlot	these
ink	ink
kripul	cripple
laitti	weak tea
mub	move
olgamen	old woman
olgamen	woman
peibek	pay back
si	look
si	sea
si	see
si	understand
skelp	scalp
ten	ten
wilsten	wheel stand
biliken	billycan
drangkinmen	drunk
bogibain	echidna
emiyu	emu
motha	mother
baligan	pelican
baligan	Australian
jinek	snake
%baidibaidi	louse
%bamaragoC	stone
%biNga	hand
%bij	fish
%dot	louse
%iriwol	ear
%wanbala	one
-abat	about
-am	him
-am	them
-an	on
-ap	toward
-ap	up
-aran	around
-aran	round
-at	attain
-at	out
-awei	away
-baga	bugger
-baga	person
-bala	fellow
-bat	about
-bek	back
-bek	reciprocate
-bek	retaliate
-bek	reverse
-dan	cease
-dan	down
-dan	end
-dan	terminate
-em	him
-em	them
ekskyus	make excuses
enimo	anymore
fletinimap	flatten
-gija	each other
-gija	together
-i	him
-i	it
-i	them
-im	him
-im	them
-in	in
-in	inside
-is	very
-it	it
kadjak	have intercourse
leda	ladder
leda	letter
leda	paper
-labat	about
oda	ought to
oda	should
-oba	over
-of	off
-on	on
-op	off
-pat	part
sokis	soak
sokis	spring
-ran	around
-ran	round
-taim	during
-taim	time
-um	him
-um	them
-wan	one
-wei	away
-wei	way
5u	new
Debi	derby
Disemba	December
Eiprul	April
En	hand
Eram	hear
Ereb	Arab
Februweri	February
Fitrai	fitzroy
Fraidei	Friday
God	god
God	God
Gotjan	subsection
Gotjjan	subsection
Holden	holden
Honda	motorbike
Indien	Indian
Inglis	English
Intan	American Indian
Ista	Easter
Ista eig	Easter egg
Itang	American Indian
Jedidi	Saturday
Jenyuweri	January
Julai	July
Jun	June
Krismas	Christmas
Krismas	year
Krismastaim	Christmas
Kristjan	Christian
Kristjanmob	Christians
Lenroba	landrover
Mandei	Monday
Matj	march
Meriken	American
Mei	May
Ngabu	god
Nigro	Negro
Nobemba	November
Noth	north
Nyubrij	Newbridge
Ogis	August
Oktoba	October
Oma	Arab
Redai	redeye
Redres Gel	devil
Romanoj	Roman nose
Sadadei	Saturday
Sandei	Sunday
Satadei	Saturday
Sebin Sista	Pleiades
Seitin	Satan
Senta Klos	Santa Claus
Septemba	September
Tasen	Tarzan
Thesdei	Thursday
Tyusdei	Tuesday
Wensdei	Wednesday
Yulngumatha	language name
a	a
abat	about
abat	belong to
abat	for
abat	of
abset	be anxious
abset	be upset
abum	birth
abum	eat
abum	have
abum	mate
abum	possess
abum	look after
abum	mind
abum set	bear a grudge
abwei	part of
ad	hard
ad	harsh
ad	loud
ad	particular
ad	strict
adli	hardly
adrok	rock
adtaim	hard time
afta	after
agumen	argue
agyumen	argue
agyumen	fight
ai	eye
ai	I
ai	stone
ai	etc.
ai	face
ai	point
ai	seed
aidiya	idea
ailibala	early
ailibala	very
aiyan	iron
aiyanwan	iron
akros	across
aleiluya	hallelujah
alidei	holiday
alo	hello
alo	hullo
alolog	hollow log
ambag	be cheeky
amben	armband
ami	army
andanith	under
andanith	underneath
anding	hunt
andrid	hundred
anga	goodness
anginap	above
anginap	hanging
anginap	be on top
anginap	hang up
anginap	be above
anginap	hang down
anginap	stuck
anginap	to be
anloudim	unload
ap	up
apset	be upset
apstes	upstairs
ard	hard
arinj	orange
as	us
as	we
askim	ask
athasaid	other side
atjamp	be frightened
atjamp	be startled
atsaid	outside
audim	out
av	about
av	belong to
av	for
av	of
awa	hour
awus	building
awus	house
ba	about
ba	bar
ba	belong to
ba	for
ba	of
baba	baby
baba	brother
baba	sibling
baba	sister
babbab	puppy
babim	pop
babolo	buffalo
babul	bubble
babulap	bubble up
babulgam	bubble gum
bad	banned
bada	butter
badadimap	ruin
badadimap	spoil
badaflai	butterfly
badaflai	moth
badlim	paddle
badlingbot	paddle steamer
bagadap	broken
bagadap	useless
bagadim	mess up
bagai	desire
bagarramap	destroy
bagarramap	wreck
bagarrap	destroyed
bagarrap	spoiled
bagas	forget it
bagi	tobacco
bagidi	bucket
bagidi	cup
bagidi	vessel
bagimbat	have intercourse
bagit	bucket
bagus	forget it
bai	by
bai	goodbye
baib	five
baibai	sleep
baibai	goodbye
baibul	Bible
baibul	piebald
baibul brim	black bream
baibul brim	bream
baibul sineik	rock snake
baibulbuk	Bible
baidibaidi	insect
baidibaidi	louse
baidibaidi	nit
baidim	bite
baidimap	bite off
baijimbek	bring
baijimbek	fetch
baijinggul	bicycle
baik	bike
bailgurr	fall down
bailsineik	file snake
baindim	conceive
baindim	find
baiyim	buy
bajam	first
bajam	earlier
bajam	first time
bajam	past time
bajim	pass
bajimap	bring
bajimap	pass
bajimbek	bring
bajimbek	fetch
baju	wild potato
bak	bark
bak	buck
bakit	bucket
bakit	billy
bako	vomit
balanda	European
balanda	white person
balanda	man
balanda	white
balgin	bitter
balgin	brackish
baligin	pelican
bam	buttocks
bam	sexual organs
bamarragotj	money
bamarragotj	stone
bambaba	popsicle
bambu	bamboo
bambu	tree
bambum	bump
bambum	run into
bamen	barman
bamit	vomit
ban	band
ban	strip
bandamis	pandanus palm
bandigut	bandicoot
bandiyan	deadly
bandiyan	taipan
bandiyan	king brown snake
bandri	boundary
bandul	bundle
banga	about
banga	belong to
banga	for
banga	of
bangk	bunk
banigin	cup
banigin	billy
banijim	punish
banji	brother-in-law
banji	sister-in-law
banji	spouse
banji	companion
banji	mate
banjim	hit
banjim	punch
banjimen	in-law
banjimen	sibling-in-law
banjimen	spouse
bank	bed
bank	bunk
banksia	banksia
banyip	monster
barawu	boat
barawu	canoe
bardigindak	burdekin duck
bardigindak	duck
bawabe:d	great bowerbird
barlbarl	pound
barlkiny	bitter
barn	burn out
barn	cook
barn	warm
barnana	girlfriend
barnana	sweetheart
barnarra	plant species
barnbala	skinny
barnbala	thin
barnga	cousin
barngras	burnt grass
barnim	burn
barnim	sting
barnim	cook
barnim	make hot
barnimap	annoy
barnimap	burn up
barnimap	destroy
baro	borrow from
barradei	potato
barradei	wild yam
barragarl	spear
barramandi	barramundi
barraniya	nearly
barrawu	boat
barrawu	canoe
barrei	very good
barrolga	brolga
barruk	card game
bas	break up
bas	broken
bas	bursting
bas	bus
bas	bust
bas	full
basawei	die
basdam	first
basdam	in the past
basdam	early days
basdam	long time
basdam buk	history book
basim	pass
baskit	basket
baskitbol	basketball
bastim	break
bastim	bust
bastim	break open
bastim	cut
bastim	take out
bastimap	break
bastimap	bust
bastimap	ruin
bastimap	terrific
bastindap	ruined
bat	but
bata	butter
batin	button
baudan	bow
bausheid	shelter
baut	boat
baya	fire
baya	firewood
baya tri	firetree
bayam	buy
bayastik	firestick
bayawud	firewood
be:d	bird
be:d	masked
be:d	plover
be:dbe:d	bird
be:dibe:di	little bird
be:dnes	bird’s nest
bebak	paperbark
bebal	navel
bed	bad
bed	bed
bed	bird
bed	nest
bed	bedroll
bed	camp
bedfiling	bad feelings
bedfren	enemy
bedkol	cold
bedkol	head cold
bedkol	runny nose
bedkol	nasal
bedlak	bad luck
bednyus	bad news
bedsik	be very sick
beg	bag
begimap	bag
beibi	baby
beibi	infant
beibidaga	baby food
beibikraitaim	early morning
beibitaim	infancy
beibiwan	infantile
beibiwei	childishly
beig	bag
beigim	bake
beikin	baking
beikinpauda	baking powder
beingksaid	bank
beingkwei	bank
beingkwei	riverbank
beit	bait
beja	feather
bek	back
bekat	back out
bekat	reverse
bekbon	back
bekbon	backbone
bekbon	spine
bekbongija	back-to-back
bekimap	backup
bekimap	support
beko	backhoe
bekpat	back
bekpat	nape of neck
bekwedswei	backwards
bel	bell
beldim	belt
beldim	whip
beldri	corkwood
beli	abdomen
beli	belly
beli	stomach
beli	tummy
belt	belt
bempaiya	vampire
bendibendi	snake species
bendigut	bandicoot
bendigut	mouse
bendigut	rat
bendij	bandage
bendijimap	bandage
bendim	bend
bendim	straighten
bendiwan	bent
bendiwan	curved
bengk roba	bank robber
bengsiya	banksia
beptais	baptise
beptaisim	baptise
berd	bird
berdiberdi	bird
berdiberdi	bird species
bern	burn
bernam	burn
bernamap	burn
bernap	be burnt
bernapwan	burnt
berndap	burn
bernim	burn
bernimap	burn
berrim	bury
berrimap	bury
berrit	buried
berrit	covered
berrit	be
berrit	be covered up
bes	best
bet	bat
bet	fat
bet	plump
bethdei	birthday
betlin	battle
betri	battery
biligen	billycan
biligen	billy
biligen	big
biligen	cup
biligen	mug
biligout	billy goat
biligut plam	billygoat plum
bewulf	werewolf
beya	bear
bi	be
bi	bee
bi	exist
bi	fly
bi	bees
bi	flies
bi:k	beak
biNga	hand
bib	beef
bib	flesh
bib	meat
biba	fever
bibi	breast
bibi	breast milk
bibi	caterpillar
bibim	hit
bibim	pop
bibj	beach
bida	bitter
bidabat	feed on
bidim	beat
bidim	win
bidrum	spread out
bif	flesh
bif	meat
bif	weight
bif	beef
bif	game
bifo	before
bifo	in the past
bifo	the day before
big	big
big	fat
big	large
bigadam	forget
bigbala	boss
bigbala	eldest
bigbigwan	big
bigbigwan	large
bigibigi	pig
bigimap	pick up
bigin	pick
biginini	baby
biginini	child
biginini	kid
biginini	offspring
biginini	toddler
bigis	very big
bigis	important
bigmaus	talkative person
bigmob	many
bigmob	much
bigmob	big mob
bigmob	crowd
bigmob	big
bigmob	mob
bigoj	because
bigsan	eldest son
bigstom	storm
bij	fish
bijidimbat	visit
bijin	pigeon
bijin	Creole
bijin	pidgin
bijin inglij	Creole
bijin inglij	pidgin
bijing	fish
bijitim	visit
bijnet	fishnet
bijok	fish hawk
bijuman	bitumen
biki	biscuit
biknik	picnic
bikos	because
bildim	build
bildim	make
bildimap	build up
bildimap	help
bildimap	save
bildimap	saved
bili	billy
bilib	believe
bilibim	believe
bilibim	obey
bilibong	billabong
bilim	feel
bilimap	fill
bilimap	fill up
bilyid	billiards
bilyid	pool
bin	bean
bin	been
bina	could have
bina	would have
binabeg	spinifex
binana	banana
bindiyai	bindi-eye
bindiyai	prickle
bindiyai	sticker
bindiyai	prickles
bindiyai	thorn
bingga	finger
bingga	hand
bingga	lower arm
bingga	forearm
bingga	wing
bingga	arm
bingga	branch
bingga	lower
bingganeil	fingernail
bingk	pink
binij	complete
binij	die
binij	end
binij	finish
binij	that’s all
binij	the end
binijim	complete
binijim	exhaust
binijim	finish
binijimap	finish
binijimap	use up
binijimap	finish up
binijimof	finish
binijimof	use up
binijlain	finish line
binja	hair
binji	belly
binji	intestines
binji	stomach
binji	undercarriage
binjigija	facing each other
binjim	pinch
binjim	press
binjimof	finish
binjing	fence
birridak	wood duck
birrim	spear
bisi	busy
biskit	biscuit
bisnis	ceremony
bitawan	bitter
bitj	beach
bitj	bitch
biya	alcohol
biya	beer
biyad	beard
biyad	chin
biyad	moustache
biyad	whiskers
biyain	after
biyain	behind
biyain	later
biyain	around
biyain	backwards
biyainpat	stern
biyainwei	after
biyainwei	behind
biyainwei	later
bla	about
bla	belong to
bla	for
bla	of
bla	so that
blad	blood
blad	vein
bladat	fast
bladim	plait
blading	plaiting
bladwoda	flood
bladwud	Black
bladwud	bloodwood
blai	bee
blai	fly
blain	blind
blainai	blind
blaing skwirrel	sugar glider
blainwan ai	blind person
blaiwei	fly away
blajbala	proud
blakam	block
blakam	prevent
blakamap	block
blakamap	prevent
blanbo	flying fox
blanbo	aeroplane
blanbo	angel
blanbo	small
blanbo	red
blanda	about
blanda	belong to
blanda	for
blanda	of
blandi	plenty
blandim	hide
blandim	plant
blanga	about
blanga	belong to
blanga	for
blanga	of
blanga	belonging to
blanga	one’s own
blanga hu	whose
blanga wanim	why
blangit	blanket
blant	blunt
blas	proud
blatnim	flatten
blau	whose
blawa	flour
blawabeg	grey hair
bleidpat	blade
bleim	accuse
bleim	blame
bleim	inform against
bleimim	accuse
bleimim	blame
blein gabarra	bald head
bleingkit	blanket
bleiyim	blame
blek	black
blek bod	blackboard
blek krela	red-tailed black cockatoo
blek krela	cockatoo
blek plam	blackcurrant
blekbala	aborigine
blekbala	Aboriginal
blekbala	man
blekbat	blackbutt
blekberi	blackberry
blekbrim	black bream
blekhed sneik	black-headed python
blekkaran	blackcurrant
bleksoil	black soil
bleksoil	plain
blekwan	black
blekwan	dark
blekwan	to be
blekwan bod	blackboard
blenggid irriwul	lizard
blesidwan	blessed
blet	blunt
blet	flat
blidim	bleed
blidin	bleed
blidinim	bleed
blijiman	policeman
blijimanmob	police
blo	blow
blo	floor
bloap	blow up
bloim	blow
bloimap	blow up
blok	block
blokim	block
blombat	blow
blouk	bloke
blouk	man
blout	float
blowap	blow up
blowim	blow
blowin	breathe
blowum	blow
blu	blue
blu:n	balloon
bludang	lizard
bludang	blue-tongue lizard
bluin	breathe
bluinbluin	puffing
bo	about
bo	belong to
bo	for
bo	of
boa	bore
boa	four
bobala	pity
bobala	poor fellow
bobo	goodbye
bodam	bottom
bodam	down
bodamwan	bottom
bodamwan	lower
bodi	body
bodipat	body
bodji	dented
bodji	sporty
bodl	bottle
bodo	photo
bodo	picture
boeba	forever
bog	bog
bog	dew
bog	fog
bogabain	echidna
bogabain	porcupine
boget	forget
bogi	baptise
bogi	bath
bogi	bathe
bogi	boggy
bogi	shower
bogi	swim
bogi	wash
bogi	play
bogi	go swimming
bogi	dive
bogi graun	wet ground
bogi graun	spring
bogibat	swim
bogiples	boggy place
boi	boy
boi	young man
boi	Aboriginal
boi	man
boi	son
boi	young
boifren	boyfriend
boil	boil
boil	big
boil	sore
boila	abcess
boila	boil
boilap	bubble up
boilim	boil
boilim	boil something
boilimap	boil
boilimap	disturb
boiling	boiling
boiling	bubbling
boiling	foaming
bois	voice
boiwan	male
boiwan	protruding
bojiwan	dented
bojiwan	sporty
bojwan	boss
bojwan	leader
boks	box
boks	coffin
boks	crate
boksin	box
bol	ball
boldan	fall down
boldan	roll
boldan	turn over
boldi	bald
bolibol	volleyball
bololo	fruit
bolorum	follow
bom	bomb
bomereing	boomerang
bomit	vomit
bon	bone
bon	born
bon	Alawa
bon	to be
bon	be born
bon	set out
bonaro	bow
bonaro	bow and arrow
bonbala	skinny
bonbala	slim
bonbala	undernourished
bonbij	bony bream
bonbij	eel
bonibala	skinny
bonibala	slim
boniboni	colt
boniboni	foal
boniboni	young horse
boniboni	pony
bonic	bionic
boniwan	bony
bonpis	bonefish
bontain	semitrailer
borlorlo	wild passionfruit
born	be born
born	born
born	fall down
born	to be
bornim	give birth to
bornim	born
bornim	fall down
bornim	to be
borred	forehead
borrimat	pour out
bos	boss
bos	owner
bos	manager
bosimran	boss around
bosmen	boss
bosmen	owner
bosmen	ruler
bosmen	manager
boswan	chief
boswan	head
boswan	principal
bot	boat
bot	ship
botboi	deckhand
botji	sporty
botmen	deckhand
botul	bottle
bout	boat
bra	brassiere
braba	correct
brabli	appropriately
brabli	correctly
brabli	properly
brabli	really
brabli	very
brabliwan	excellent
brabliwan	perfect
brabliwei	correctly
brabliwei	excellently
brait	be afraid
brait	be frightened
braitnim	frighten
braja	brother
brambi	brumby
brambi	wild horse
bran	brown
branda	verandah
brandum	stamp
brash	brush
bratha	brother
braun	brown
breb	brave
bred	bread
breibwan	brave
breigap	break
breigap	be
breigap	broken
breigim	break
breigim	cut
breigim	pushover
breigim	sever
breigimap	break up
breigimdan	breakdown
breigimdan	tear down
breigimof	break off
breikat	break out
breikdan	breakdown
breikin	break into
breikin	broken
brein	clever
breinibala	clever
brejwoda	fresh water
brekfis	breakfast
bren	brain
bren	friend
bren	mate
bren	mind
brend	brand
brend	mark
brend	to
brendim	brand
brendim	mark
brendim	cut
brentj	branch
brentjis	branch
brenyu	modern
bresh	fresh
bresh	new
brespleit	breastplate
brida	bull
brijing	preaching
briks	bricks
brim	bream
bringim	bring
bringimap	bring up
bringimat	bring out
bringimbek	bring back
bringimbek	return
briskit	chest
brogibrogi	frog
brogimap	break
broginwan	broken
brok	become broken
brokam	break
brokdan	breakdown
brokum	break
brokum	cut
brokum	sever
brolga	brolga
brolga	sarus crane
brom	from
brom	through
brudbrud	bandicoot
brudbrud	mouse
bruginbala	broken
brum	broom
brum	mop
bubumap	put up
budimin	put in
budum	kick
budum	place
budum	put
budum bingga	clap
budum mijelb	show off
budumat	place out
budumat	put out
budumbek	best
budumbudum	accelerate
budumdan	put down
budumon	put on
bugika	bookkeeper
bui	hey you
buj	bush
buj	confused
buj	lost
buj	scrub
bujabe:d	butcherbird
bujabe:d	magpie
buji	female genitals
buji	if
bujigat	cat
bujigat	native cat
bujigat	native
bujiget	cat
bujij	branches
bujij	bushes
bujij	leaves
bujin	poison
bujinim	poison
bujul	female genitals
bujum	push
buk	book
buk	letter
bul	full
bul	bull
bulak	cattle
bulangkanga	currant
bulap	full
bulap	satiated
bulap	to be
bulap binji	satiated
bulap binji	full
buldan	fall down
buldosa	bulldozer
buligi	cattle
buligi milk	cow’s milk
bulmun	full
bulngerri	bull
buludang	lizard
buludang	blue-tongue lizard
buludang	small
buludang	blue-tongued lizard
buludang	bluetongue
bulum	pull
bulumap	pull up
bulumap	pull off
bulumat	take away
bulumat	take off
bulumwei	pull away
bulumwei	take away
bulurrum	follow
bulwan	full
bumareing	boomerang
bumbum	buttocks
bumbum	defecate
bundubundu	pregnant
bungga	penis
bungga	vagina
bungga	rock
bungga	wallaby
bunggawa	boss
bunggawa	captain
bunggawa	king
bunggawa	lord
bunggul	sing
bunggul	corroboree
bunjarra	jealous
bunjarra	sulky
bunji	if
burdagul	spear
burdi	pretty
burdiblawa	flower
burdiperit	parrot
burlburl	lungs
burlum	pull
burluman	cattle
burnbala	skinny
burnbala	thin
burro	from
burro	through
burru	from
burru	through
burrum	from
burrum	through
burrunggitgit	dwarf
bus	bush
bush	bushy
bush	be confused
bush	be lost
bush	wild
bush purteida	yam
bush rod	track
bushi	thick bush
bushi	shade
but	boot
but	feet
but	foot
but	footprint
but	shoe
but	wheels
butbolgran	playing field
butja	circumcise
butjabed	butcherbird
butleis	bootlace
butwok	walk
da	the
dab	dove
dab	pigeon
dab	Dove
dab	peaceful
dabul	fold
dabulap	double up
dabulap	fold
dabulum	bend
dabulum	fold
dabulum	roll
dabulum	wind
dabulum	coil up
dabulum mijelb	curl up
dabulumap	double up
dabulumap	fold
dabulumap	roll up
dabulumap	crumple
dadan	that one
dadei	that way
dadi	father
dadi	dad
dadiwan	big
dadiwan	paternal
dadiwan	crocodile
daun	down
daun	lower
daun	bottom
daga	bread
daga	food
daga	vegetable food
daga	damper
daga	tucker
dagat	eat
dagatginu	dug-out canoe
dagblu	dark blue
dai	die
daib	dive
daibadak	cormorant
daibadak	darter
daibin	dive into
daim	time
daimap	tie up
daiya	tyre
dak	duck
dak	dark
dakdak	duck
dala	dollar
daldu	enough
dalim	tell
dalim	speak
dalim	talk
dalim	do
dalim	say
dalimof	scold
dalmidalmi	eel
dan	down
danab	turn off
danbek	turn back
danda	gecko
dangki	donkey
dangulim	tangle up
danim	turn
danim	twist
danim	turn over
danimran	turn around
danimran	turn over
dap	top
dardi	dirty
dardim	make dirty
darran	that
darrei	that way
das	dirt
das	dust
das	mud
das	smoke
das	whirlwind
dasko	fight
dasol	that’s all
dastim	make dirty
dastim	overtake
dastim	pass
dastim	win
dastim	get
dat	that
datbala	he
datbala	it
datbala	she
datmaj	so much
datwan	that one
daunwei	underneath
dawuda	clan
dea	there
debada	death adder
debala	deaf
debala	be deaf
debul	card game
debul	devil
debul	evil spirit
debul debul	praying mantis
ded	dead
ded	paralysed
dedbreik	brake
dedi	father
dedi	uncle
dedliwan	dangerous
dedliwan	deadly
dedliwan	excellent
dedsilip	deep sleep
def	obsessed
definimapwan	loud-sounding
dega	dagger
deganaif	dagger
dei	day
dei	they
deibreik	daybreak
deigidawei	take away
deigim	take
deigimap	take up
deigimat	pump out
deigimat	take out
deigimat	take off
deigimat	separate
deigimat	take away
deigimbek	return
deigimbek	take back
deigimdan	dismantle
deigimdan	take down
deigimoba	take over
deigimof	take off
deigimwei	remove
deigimwei	take away
deigimwei	separate
deigimwei	take out
deilait	daylight
deilait	early morning
deim	dam
deinimdan	dislike
deinimdan	refuse
deinimdan	turn down
deinja	dangerous
deipumap	record
deis	days
deitaim	daytime
deiting	dating
delim	tell
dem	them
demba	damper
demba	food
demba	tucker
dembala	ten
dembum	stamp
den	then
dens	dance
densa	dancer
derribang	trepang
deset	desert
det	that
detdet	bird species
detlat	those
detlot	those
detmatj	that much
detmob	those
detwan	that one
deya	there
di	tea
di:l	deal
di:l	shuffle
di:pinim	deepen
dia	dangerous
dia	important
dia	sacred
dibala	deep
dibulbe:d	cuckoo
dibuldibul	devil
dibuldibul	evil spirit
dibuldibul	praying mantis
dibuldibul	Satan
dibuldibul	cuckoo
didibaba	lotusbird
didiwu	dive
didiwu	plunge
didn	didn’t
dif	differential
difrin	different
difrin	various
difrinkain	different
digam	dig
digam	speed up
digamap	dig
digan la top	god
digim	dig
digim	take
digimat	dig out
digimat	take out
digimat	break open
digimat	cut
digulim	tickle
dijan	this
dijan	this one
dijan	here
dijaniya	this
dijaridu	bamboo
dijei	this way
dijei	hither
dijei	that way
dijei	towards
dijkantri	here
dijkantri	this place
dilaj	be uncooperative
dilib	tea
dilib	tea leaves
dilibeg	dilly bag
dilibeg	basket
dilibeig	penis
dilim	deal
dilyarr	tree
dim	dim
dim	soft
dina	dinner
dina	midday meal
dina	this
dina	lunch
dinakemp	temporary camp
dinataim	dinnertime
dinataim	lunch
dinataim	midday meal
dinataim	lunchtime
dinga	flying fox
dinggi	small boat
dinggi	dinghy
dinggo	dingo
dinggo	big dog
dinggo	big
dinggo	dog
dinkis	metal box
dinkis	metal case
dip	deep
dipwoda	deep
dirdibawuba	lotusbird
dirr	fart
dirrawu	dive
dirrawu	jump in
dis	this
dish	dish
dismob	these
disobidiyans	be disobedient
dissaid	this side
distaim	this time
diwait	black duck
diya	dangerous
diya	deer
diya	important
doda	daughter
dodjim	dodge
dog	dog
doitjim	avoid
doitjim	dodge
dojim	bypass
dojim	dodge
dojim	miss
dojim	spotlight
dojingbat	zigzag
dojingwan	zigzag
dokta	doctor
doktabala	doctor
doktabala	witch doctor
doktabala	prophet
doktabala	wise person
doktabala	clever man
dola	dollar
doldol	cucumber
doldol	ring bell
dolidoli	doll
don	do not
dongki	donkey
donkenggarru	kangaroo
donmada	regardless
dono	don’t know
dop	blouse
dop	top
dot	louse
dot	nit
dowa	door
dowa	gate
drabum	drop
drafhos	horse
drai	dry
drai	to be
draiba	driver
draibam	yeast
draibim	drive
draibim	ride
draim	dry
draimat	dry out
draipleis	riverbank
draipleis	dry place
draisisan	dry season
draiyim	dry
draiyimap	dry
drajim	believe
drajim	trust
dram	drum
dran	drown
dran	submerge
drangginbala	drunk
drangginmen	drunk
drangginwan	drunk
drangkimap	make drunk
drangkin	drunk
dranim	drown
dranim	submerge
drap	collapse
drap	drop
drapam	drop
drapam	knockout
draun	drown
draun	sink
draundim	drown
dregin flai	dragonfly
dregin flai	smallish
dregli	directly
dregli	immediately
dregli	soon
drein	drain
dreinimat	strain
drenggilim	choke
dres	dress
driNgim	drink
driNk	drink
dribala	three
drim	dream
drimin	dreaming
drimin	dreamtime
drimin	totem
drimintaim	dreamtime
dringgim	drink
dringk	alcohol
dringk	drink
dringkimap	drink
dringkin	drinking
drip	drip
drongimbala	drunk
dropim	drop
dropim	throw down
drowim	draw
druhones	true
du	do
du	too
du	two
dubala	married couple
dubala	them
dubala	they
dubala	two
duim	do
duingap	hiding
duingap	spanking
duit	do
duit	obey
dum	do
dum	obey
dum	say
dum	tell
dumaj	many
dumaj	much
dumaj	big mob
dumaj	crowd
dumaji	because
dumeni	lots
dumeni	many
dumeni	plenty
dumeni	big mob
dumeni	crowd
dunda	grass
dupal	fruit
duwa	door
duwumbek	retaliate
dyu	dew
dyu	fog
dyugong	dugong
e:pot	airport
e:tim	hurt
ea	hair
eagidap	shiver
eapat	hair
eapin	hairpin
eba	ever
eba	have
eben	heaven
ebi	heavy
ebidi	every
ebri	every
ebribodi	everybody
ebridei	everyday
ebrijing	all sorts
ebrijing	everything
ebrinait	every night
ebritaim	every time
ebriwan	everyone
ebriwei	everyway
ebriweya	all over
ebriweya	everywhere
ebriwik	every week
ebriyiya	every year
ed	head
edben	headband
edeik	headache
edeik	have a headache
edimap	add up
egen	again
egret	egret
egret	White
egskus	excuse
ei	agreed
ei	correct
eig	egg
eijdi	leprosy
eijins spai	spy
eindit	isn’t it
einggim	hang
eingka	anchor
eingkul	ankle
einjul	angel
eit	eight
ejij	ashes
ejij	coals
eks	axe
eksadint	accident
eksadint	have an accident
eksaidid	excited
eksiden mani	compensation
eksplenim	explain
eksplenim	make good
eksul	axle
elabo	elbow
elafant	elephant
eldiswan	eldest
elideis	early days
elideis	older
elideis	old-fashioned
elifan bibi	caterpillar
elikopta	helicopter
elti	healthy
embyulin	ambulance
emti	empty
emtiyim	empty
en	hand
en	and
enami	enemy
enbed	antbed
enbed	anthill
enbed	flat stone
enbeg	handbag
endap	conclude
endap	finish
endimap	conclude
endlim	cope
eni	any
enibodi	anybody
enijing	anything
enijing	baggage
enijing	possessions
enijing	belongings
enijing	swag
enikain	any kind
enikain	fish
enikain	generic
enikain	frog
enikain	bird
enimul	animal
enimul leidi	zookeeper
enimulen	zoo
enitaim	anytime
eniwan	anyone
eniwei	anyway
eniwei	randomly
eniweya	anywhere
enkiju	handkerchief
enpus	purse
ensa	answer
enseram	converse
enseram	discuss
enseram	respond
enserim	answer
enserim	reply
ensimbek	reply
ent	ant
enta	enter
epi	happy
epul	apple
eram	hear
eram	listen to
erambat	hear
eroplein	aeroplane
erradrom	aerodrome
erradrom	airport
erradrom	airstrip
erro	arrow
eshis	ashes
esid	acid
eya	air
eyastrip	airport
eyastrip	airstrip
faib	five
faibala	five
faidim	fight
faifaklok	five o’clock
failsinik	file snake
faindat	find out
faindim	birth
faindim	conceive
faindim	discover
faindim	find
faindim	look for
faindim	notice
faindim	see
fait	fight
faita	fighter
faiting	fight
faiya	fire
faiya	firewood
faiya	flame
faiya	light
faiyapleis	fireplace
faiyastik	firestick
faiyastik	fire
faiyastik	light
faiyastik	torch
faiyawud	firewood
falarimap	follow
falorum	follow
falorum	repeat
fam	farm
fama	farmer
fan	fake
fan	fun
fan	make-believe
fan	scorn
faniwan	funny
fans	dream
fas	fast
fas	quickly
faswan	fast
faswei	fast
fatha	father
fathawan	large
fathawan	male
fathawan	paternal
feibrit	favourite
feis	face
feis	etc.
feis	eye
feis	point
feis	seed
feisap	confront
fektri	factory
femili	family
femili	relatives
femilibaik	tandem bicycle
fens	fence
feri	fairy
fes	first
fes	etc.
fes	eye
fes	face
fes	point
fes	seed
festaim	before
festaim	in the past
fet	fat
fet	healthy
fetha	feather
fetinimap	fatten up
feya	fair
fid	feed
fid	meal
fidim	feed
fig	fig
figit	forget
figit	ignore
figitim	forget
fiksim	fix
fiksim	repair
filamekta	film star
filap	fill
filim	feel
filimap	fill
filimap	fill with
filimap	put in
filing	feeling
finga	finger
finga	hand
fingaboad	road sign
fingaboad	signpost
fis	fish
fish	fish
fish	generic
fishamen	fisherman
fishing	fishing
fishnet	fishnet
fishnet	fish net
fishskeil	fish scale
fishskeil	scale
fisin lain	fishing line
fiskimap	fix
fiskimap	repair
fit	appropriate
fit	fit
fit	throw a fit
fit	suitable
fitim	fit
fitim	make suitable
fladwoda	flood
flaiying	fly
flai	fly
flai	insect
flai	tarpaulin
flai	tent
flai	bees
flai	flies
flai	bee
flai	to fly
flain foks	flying fox
flaiwei	fly away
flawa	flour
flawa	flower
flayim	brush away
flayim	knock off
fleiba	tasty
flet	flat
flik	flashlight
flikim	flashlight
flikim	toss
floa	floor
flout	float
flu	flu
fo	about
fo	belong to
fo	for
fo	four
fo	of
foeva	forever
fog	fog
fog	dew
foget	forget
foget	lose
fogud	permanently
fogudwail	for a while
fok	crotch
foldan	fall
foldan	drop
foldan	throw
foldan	be born
foldan	fall down
foling wota	waterfall
folingsta	falling star
folorum	follow
folt	fault
forred	forehead
fosim	force
fotaim	four
foto	photo
fowildraip	four-wheel drive
frait	be afraid
frait	fear
frait	be frightened
frait	afraid
frait	frightened
fraitinim	frighten
fraitinim	scare
fraitinim	make jump
frant	ahead
frant	first
frant	front
frant	palm
fren	friend
fren	mate
fresh	fresh
fri	free
frisa	refrigerator
frog	frog
frog	any kind
from	from
from	through
fromdeya	after that
fromdeya	from there
frut	fruit
ful	blood
ful	close
ful	filled
ful	full
ful	real
fulspi:d	very fast
fut	foot
fut reis	footrace
futbol	football
futwok	hike
futwok	trek
futwok	walk
fyu	few
fyunral	funeral
ga	faeces
gabadap	be covered
gabadap	be
gabadap	covered
gabadap	cover
gabadap	be covered up
gabadi	cup of tea
gabadimap	cover up
gabadimap	hide
gabaditaim	midafternoon
gabaditaim	midmorning
gabaditaim	teatime
gabalili	gecko
gabalili	lizard
gabalili	skink
gabarra	head
gabarra	forehead
gabarrimap	cover up
gabarrimap	cover
gabigabi	calf
gabijdin	garbage can
gabman	government
gabmanmen	government man
gabo	how about
gabo	May
gaburrumap	cover
gada	must
gada	will
gada	with
gadabila	caterpillar
gadem	have
gadem	with
gadem	having
gadi	have
gadi	with
gadim	with
gadimap	carry
gadin	garden
gadina	gardener
gagadu	cockatoo
gaggag	mother’s mother
gai	be proud of
gaidim	guide
gaja	ah
gajak	have intercourse
gajim	catch
gajim	get
gajim	pick up
gajin	mother-in-law
gajin	cousin
gajinga	penis
gajulum	embrace
gajulum	grab
gajulum	hug
galap	gallop
galap	run
galapinabat	move around
galegdim	collect
galga	soldiers
gali	creek bed
gali	gully
gali	Little Creek
galimap	climb
galimap	go up
galoping	fast
gam	come
gam	gum
gaman	come
gaman tru	come through
gamap	come
gamap	rise
gamat	come out
gambek	come back
gambla	gambler
gambling	gamble
gamdan	come down
gamwarra	lizard
gan	cannot
gan	gun
ganfaita	gunman
gangabarri tri	blackcurrant
gangabarri tri	black plum
ganjal	bite through
ganwo	give me
gapula	partially blind
garabas	milkwood
gardiya	European
gardudu	penis
garlai	beg
garnda	buttocks
garnda	sexual organs
garndai	private parts
garnia	lily root
garra	will
garra	with
garrabarri	corroboree
garram	have
garram	with
garria	white man
garrigarritj	quickly
garrigarritj	speedily
garrim	with
garrimap	carry
garrimap	pick up
garrinyirringba	lots
garrinyirringba	many
garritj	addicted
garritj	greedy
gejap	reach
gejap	hurry
gats	guts
gats	intestines
gatseik	diarrhoea
gatseik	nausea
gedam	get
gedam	hit
gedam	obtain
gedap	arise
gedap	climb
gedap	get up
gedawei	escape
gedawei	get away
gedim	get
gedin	arrive
gedin	enter
gediya	arrive
gedof	alight
geim	game
geim	willing
geim	beef
geim	meat
geing	gang
geing	peer group
geingap	gang up
geit	gate
gejim	catch
gejim	give to someone
gejim	feel for
gejim	hold in hand
gejim	touch
gejimap	arrive at
gejimap	bring up to
gejimap	get
gejimap	reach
gejimap	catch up with
geko	gecko
gel	female
gel	girl
gel	sister’s daughter
gel	woman
gel	son
gela	galah
gelfren	girlfriend
gelgandri	playboy
gelwan	female
gelwan	recessed
gelwan	short
geman	fake
geman	falsely
geman	lyingly
geman	pretend
geman	supposedly
gemanwan	fake
gemanwan	pretend
gembul	gamble
geng	ally
geng	gang
geng	group
gerrap	get up
gerrap	set out
geswan	carbonated
getamat	get out
getambat	get
getof	alight
getof	get off
gib	give
gibap	abandon
gibap	give up
gibgon	continue
gibim	give
gibim	keep
gibirrim	give
gibit	give
gibitat	distribute
gibitat	give out
gibitbek	give back
gibitbek	return
gibitbek	return something
gid	get
gid-	get
gidap	arise
gidap	get up
gidap	go away
gidap	set out
gidap	be born
gidap	wake up
gidat	get out
gidawei	get away
gidawei	escape
gidbus	be confused
gidbus	be lost
gidgon	start
gidigidi	young goat
gidigidi	kid
gidim	get
gidin	get in
gidkot	be arrested
gidredi	prepare
gidredi	get ready
gidsok	be shocked
gidsok	be surprised
gidstak	be stuck
gidwail	be angry
gidwail	be annoyed
gidwasawei	be cast away
gigim	kick
gija	each other
gija	other
gijim	arrive at
gijim	come to
gijim	get
gijim	Take Photo
gijim	record
gijim	tape
gijimap	reach
gila	galah
gildi	killer
gildi	murderer
gilgai	surface water
gilgil	crawl
gilim	hit
gilim	kill
gilti	guilty
gin	again
gin	can
ginggong ginggong	donkey
ginu	canoe
girlgirl	blunt
girlgirl	broken
girria	European woman
girringgo	Mexican
girriwei	get away
girriwei	leave
git	arrive
git	become
git	get
gita	guitar
gitamen	guitar player
gitap	get up
gitbog	bog
gitdan	descend
gitdan	go down
gitin	enter
gitin	get in
gitjaj	become angry
gitredi	get ready
gitstak	get stuck
gitwail	be angry
givin	give in
givin	yield
giyeman	lie
giyeman	play
giyeman	pretend
glaimap	climb
glas	glass
glas	mirror
glu	glue
go	become
go	go
go	move
go	travel
goan	come on
goan	go on
goap	ascend
goap	go up
goap	climb
goat	exit
goat	go out
goat	come out
gobek	go back
gobek	return
gobek	turn off
goda	must
goda	future tense
goda	will
goda	with
godan	descend
godan	go down
godan	set
godan	go away
gogi	cockatoo
goin	enter
goin	go in
goj	gorge
goj	big
gokidu	cockatoo
gola	get angry
golajambap	get angry
golajambap	be annoyed
goldinwan	gold
golmaja	schoolmaster
golweja	cold season
golweja	cold weather
golweja	dry season
gon	begone
gon	future tense
goran	go around
goran	go round
got	got
got	have
gotjgulwe	brainless
gotjgulwe	mad
gowan	go on
gowan	move
gowei	come off
gowei	depart
gowei	go away
gowei	set out
gowena	goanna
gowena	lizard
gowin	going
gowin	go into
gowin	stop in
gowon	gone
grab	caterpillar
grab	grub
graindapwan	ground
graindim	grind
graindimap	grind
grainding	grinding
grajim	dig
grajimat	dig out
grajimat	break open
grajimat	cut
grajimat	take out
grajimbat	mine
grajin	digging
grajopa	grasshopper
grajopa	locust
gralim	chastise
gralim	growl at
gralim	scold
grambul	growl at
grambul	reprove
gran gabarra	crazy
gran gabarra	dizzy
gran gabarra	drunk
gran gabarra	headachy
gran gabarra	mad
grandimap	grind
grandimap	rub
gras	grass
gras	lemon
gras wolabi	wallaby
gras wolabi	grass
grashopa	grasshopper
grashopa	locust
grashopa	mountain
graul	growl
graulim	growl at
graulim	grumble
graun	dirt
graun	floor
graun	ground
graungraun	spin
grebum	grab
grebum	procure
grebum	take hold
grei	grey
greib	grave
greibum	scrape
greibum	sharpen
greibum	skin
greibyad	cemetery
greibyad	grave
greid	grade
greida	grader
greihaun dog	dingo
greihaun dog	big dog
greihaun dog	big
greihaun dog	dog
grein	flake
greip	grapes
greiwan	grey
grenbaja	grandfather
grendoda	granddaughter
grenfatha	grandfather
grenfatha	father’s father
greni	granddaughter
greni	grandmother
greni	grandson
greni	great-aunt
greni	great-nephew
greni	great-niece
greni	great-uncle
greni	mother’s mother
grenkid	grandchildren
grensan	grandson
grensan	grandchild
gri	sense
gri	be uncomfortable
gri bekbon	sense
gri bekbon	be uncomfortable
griba	creeper
griba	vine
gridi	absorbed
gridi	greedy
gridibalawei	greedily
gridijambap	greedy
gridiwan	greedy
grila	gorilla
grin	green
grin plam	green plum
grinad	rawhide
gringgo	Mexican
gro	grow
gro	rise
grog	alcohol
grog	beer
grogmen	drunkard
gropa	groper
growap	bring up
growap	grow
growap	nurture
growim	grow
growimap	bring up
growimap	nurture
growimap	raise
growimap	rear
grugidgrugid	zigzag
gubala	quickly
gubarl	rubbishy
gubarl	secondhand
gud	enjoyable
gud	good
gud	nice
gud	satisfactory
gud	well
gudan	go down
gudanaf	adequate
gudbai	goodbye
gudbala	good
gudbala	healthy
gudbalawei	good
gudbinji	desire
gudbinji	be happy
gudbinji	be satisfied
gudbinji	happy
gudbinji	to be
gudbinji	be
gudbinjiwei	happy
gudei	good day
gudei	greet
gudfren	good friend
gudinaf	good enough
gudjob	good job
gudlak	good luck
gudmob	many
gudmob	plenty
gudnyus	good news
gudsmel	good smell
gudsmelwan	fragrant
gudsmelwan	good-smelling
gudtaim	good time
gudwail	long while
gudwan	good
gudwan	straight
gudwei	nicely
gugum	cook
gugunja	sheep
gula	be angry
gula	argue
gula	nag
gula	anger
gula	angry
gulajambap	be very angry
gulamajarri	catfish
gulijap	close
gulijap	near
gulijap	close up
guliman	coolamon
gululu	upset stomach
gulum	name
gulya	lower bowel
gulya	colon
gulya	greedy
gumbu	urinate
gumbu	urine
gumbu	piss
gumbu	faeces
gumbu	shit
guna	anus
guna	defecate
guna	faeces
guna	shit
guna	buttocks
guna boi	male homosexual
gundarl	black plum
gunderri	fish species
gundie	wallaby
gundu-gundu	card game
gura	faeces
gura	semen
guraunguraun	go around
gurdibu	kangaroo
guriny	callous
guriny	horny
gurranda	brolga
gus	goose
gus	magpie goose
gus	black swan
gusaba	cassava
gusbri	gooseberry
gutjarloda	forever
gwei	go away
gwei	begone
gwei	leave
gwena	goanna
gwigbala	quickly
gwin	enter
had	hard
had	loudly
hadwe:k	work hard
haf	half
hafa	how far
hafbilib	half believe
hafded	half-dead
hafdedwan	half-dead
hafenhaf	half-and-half
hafwei	halfway
hafwei	in the middle
hagambat	hug
hai	high
haidim	hide
haiding	belting
haiding	hide
haiding	whipping
haijekim	hijack
haimen	boss
haladei	holiday
hambag	annoy
hambag	fool around
hambag	nuisance
hambag	humbug
hambag	muck around
hambag	be a nuisance
hambag	whinge
hambagam	annoy
hambagam	interrupt
hambe:ga	hamburger
hamini	how many
hampi	humpy
hampibek	humpback
handrid	hundred
hanggri	be hungry
hanggri	be
hanggri	be tired
hanggri	hungry
hanggribala	hungry
hanggriwan	hungry
hani	honey
hanta	hunter
hantamat	chase out
hanting	hunt
hariyap	hurry up
hariyap	hurry
harrimap	heighten
hasbin	husband
hat	heart
hatjamp	be surprised
hatjamp	frighten
hatjamp	make jump
hatjamp	dream
hatjamp	surprised
hatjamp	to be
hatjampwei	surprisingly
hau	how
haulong	how long
haumatj	how much
haumeni	how many
haus	house
haus	motel
hauspat	cabin
hayimap	heighten
hea	hair
hearibala	hairy
hebi	heavy
hebibala	heavy
hebibala	be heavy
hebin	heaven
hebiwan	heavy
hed	head
hed	forehead
hedeik	headache
hedeik	have headache
hedeik	to have
hedpat	head
heidim	hate
heilstom	hailstorm
heilston	hailstone
heilston	hailstones
heing la	stay with
heinggitjif	handkerchief
heingim	hang
heingimap	hang up
heinging	hang
helbam	assist
helbam	help
helfaiya	hellfire
helikopta	helicopter
help	help
helpa	helper
helth	health
helthiwan	healthy
helthsenta	clinic
helthsenta	health centre
hema	hammer
hendimbek	return
hendimdan	hand down
hendimoba	hand over
hendul	handle
hendulim	control
hendulim	handle
hendulum	control
hendulum	handle
heng ded	be hanged
hengon	hang on
hengrined	hand grenade
hepi	happy
hepin	happen
hepining	happening
hepiwan	happy
hepiwei	happily
herdam	bruise
herdam	hurt
herdam	injure
herding	be hurt
herding	be in pain
herding	be sore
herding	ache
herriwan	hairy
het	hat
hetben	hatband
heya	hair
heyapat	hair
hi	he
hi	it
hidim	hit
hidim	pain
hil	hill
hil	stone
hilsaid	hillside
hipap	heap up
hipap	heaped up
hipbon	hipbone
hipbon	hip bone
hipbon	pelvic bone
hipbon	pelvis
hipimap	heap up
hipimap	pick up
hipopotamis	hippopotamus
hit	attempt
hit	try
hitam	hit repeatedly
hitim	hit
hitimbek	hit back
hitimdan	knock down
ho:nim	butt
ho:nim	gore
hol	all
hol	hole
hol	vagina
hol	whole
hol	cave
hol	nostril
holbit	all
holbit	whole
holdambat	hold
holdim	hold
holdim	restrain
holdimap	hold up
holdimat	hold out
holdimbek	hold back
holidei	holiday
holidei	have a holiday
holiwan	holy
holmob	all
holmob	whole
hololog	hollow log
holot	all
holot	whole
hom	home
hon	horn
hon	ear
honet	hornet
hop	hop
hop	hope
hos	horse
hos	hose
hosis	horse
hosmen	horseman
hospel	hospital
hospil	clinic
hospil	hospital
hot	hot
hotbala	hot
hotdog	hot dog
hotenam	heat
hotsisan	hot season
hotwan	hot
hotwan	heat
hotwan	summer
hotwan	be
hotweja	dry season
hotwetha	dry season
hu	who
hu blanga	whose
hugimap	hook
huk	hook
hulot	who
humob	who
i	he
i	it
i	she
i:ldu	good one
ibimap	heap up
idim	eat
idim	hit
idimap	eat
idiwul	ear
if	if
igin	again
igin	also
igin	repeated
igul	eagle
igul	hawk
igulok	eagle
igulok	hawk
il	hill
iliman	shield
im	he
im	her
im	hers
im	him
im	his
im	it
im	its
im	she
imbala	them
imbala	they
imdubala	theirs
imiyu	emu
imjelp	herself
imjelp	himself
imjelp	itself
imolabat	their
imolabat	they
impotant	important
impotantwan	important
impotn	important
imrait	okay
imselp	herself
imselp	himself
imselp	itself
imti	empty
imwan	his
imwei	his way
indit	isn’t it
ingk	ink
injaid	centre
injaid	inside
injin	engine
injin	motor
inkarij	encourage
inlau	in-law
insaid	inside
insaidpat	flesh of fruit
insaidwan	inner
insaidwei	inner
insek	insect
intjurens	insurance
intu	into
ip	heap
ip	if
ip	together
ipap	heap up
ipbon	hipbone
ipin	heap up
irim	hear
iring	earring
irrim	hear
irrim	feel
irriwol	ear
irriwul	ear
irriwul jandap	take notice
is	east
is	her
is	his
is	its
iself	her
iself	him
iself	it
isi	easily
isibala	easy
isibalawei	easily
isiwan	easy
jajak	tree species
jalgi	bitter
jalgi	sulky
jalgibij	barramundi
itj	each
itjaw	cough
itjaw	sneeze
itji	itchy
jatsol	that’s all
iya	here
iya	nearby
iya	this
iyal	heel
iyaring	earring
jeinjeinj	alternate
jeinjim	change
jeinjoba	exchange
jeinjoba	swap
jem	jam
jabala	sharp
jabalajabala	spiny
jabi	know
jabi	recognise
jabi	understand
jabi	comprehend
jabibala	clever
jabibala	wise
jabibala	knowledgeable
jabibala	smart
jabiru	jabiru
jabo	cat
jabum	chop
jabum	jab
jabum	cut
jad	that
jadabat	almost
jadabat	nearly
jadan	that
jadap	shut
jadap	blocked
jadap	shut up
jadap	closed
jadawei	that way
jadim	shut
jadimap	shut
jadimap	block
jadimap	shut up
jadjim	judge
jadlot	those
jadmob	those
jag	jug
jagadi	soft
jagadim	buck
jagadim	throw
jagadimwei	discard
jagadimwei	throw away
jagar	saliva
jagar	spit
jagim	cast
jagim	throw
jagimad	throw out
jagimdan	put down
jagimdan	throw down
jagimdan	drop
jagimdan	throw
jagimdan	make fall
jagimin	throw in
jagirri	soft
jagul	penis
jagurl	testicles
jagurl	testes
jainaman	Chinaman
jainaman	oriental
jainbud	signboard
jaini	gold
jaini	shiny
jaint	giant
jaiyant	giant
jaja	goodbye
jajanga	goodbye
jakim	sack
jaldu	OK
jaldu	alright
jalimadawuk	passion fruit
jalimadawuk	passion
jalimadawuk	vine
jalis	be jealous
jaliswan	jealous
jalk	inject
jalk	poke
jalk	prick
jalk	dig
jalkim	inject
jalkim	poke
jalkim	prick
jingdan	sink
jamanjim	accuse
jamanjim	blame
jamanjim	challenge
jambum	jump
jamimi	vagina
jamirdi	grandfather
jamp	jump
jampa	jumper
jampap	jump up
jampdan	jump down
jampin	jump in
jampin	dive in
jampin	jump
jampoba	jump over
jampof	alight
jampof	jump off
jamugu	vagina
jan	sun
jan	understand
jandap	be
jandap	exist
jandap	stand
jandi	ceremony
jandim	send
jandim	speed
jandimap	plant
jandimap	stand up
jandimat	send out
jandimbek	send back
jandimdan	send down
jandimlong	hurry
jandimwei	send away
janggul	jungle
janggul	rainforest
jangidap	east
jangidap	sunrise
jangidapwei	easterly
jangudan	sunset
jangudan	west
jangudanwei	westerly
janurr	mucus
janurr	snot
janurr	head cold
janurr	runny nose
jaot	shirt
jari	mourning
jari	sad
jari	sorry
jari	feel sad
jarl	copy
jarramap	close
jarramap	shut
jarramap	switch off
jarran	that
jarrimap	stir
jarriny	birthmark
jarriny	totem
jarru	card game
jas	just
jas	simply
jat	suppose
jat	that
jat	think
jatberlberl	bird species
jatimap	shut
je:min	German
je:min	enemy
je:sti	thirsty
je:t	shirt
jea	there
jedalim	saddle up
jedirl	saddle
jefit	sheriff
jeganen	secondhand
jeganen	used
jegapbala	editor
jegbeg	large bag
jegbeg	sack
jegimap	check
jegimap	edit
jei	they
jeid	shade
jeidubala	they
jeijimap	chase
jeijimap	pursue
jeik	shake
jeikim	shake
jeil	jail
jeilgeim	card game
jeilhaus	jail
jeim	embarrassment
jeim	shame
jeimwan	same
jeimwan	similar
jeinj	change
jeinjbek	give change
jeisim	chase
jej	church
jek	jack
jek dongki	donkey
jekapim	rebel
jekit	blouse
jekjan	injection
jel	alone
jel	self
jelas	jealous
jelas	sulky
jelas	be
jelasbala	jealous
jelisim	envy
jelisim	make jealous
jelisim	resent
jelp	each other
jelp	herself
jelp	himself
jelp	itself
jelp	themselves
jemani	enemy
jemani	Germany
jemani	soldiers
jemwij	sandwich
jenyo	sour
jerrimoni	ceremony
jerrimoni	corroboree
jes	chest
jes	just
jes	only
jes	breastbone
jesim	chase
jeya	there
jibdim	move
jibdim	shift
jidan	be
jidan	live
jidan	sit down
jidan	stay
jidaning	be sitting
jididi	quail
jidim	cheat
jidindan	sit
jigi	cheeky
jigi	dangerous
jigi	sassy
jigi	wild
jigi	brown
jigi	saltwater crocodile
jigi	long
jigi	poisonous
jigi	snake
jigi	crocodile
jigi	salt water
jigi aul	owl
jigi aul	Masked Owl
jigi aul	barn owl
jigi aul	boobook
jigi yem	yam
jigibala	dangerous
jigibala	biting
jigibala	bitter
jigibala	brackish
jigibala	ant
jigibalawei	dangerously
jiginat	stick out
jiginat	stick up
jiginim	pierce
jiginim	stick into
jigininbala	penetrating
jigininbala	thorny
jigininbalawan	penetrating
jigiwan	dangerous
jiji	horse
jikin	chicken
jikinok	hawk
jikinok	brown goshawk
jikinok	firebird
jikinwan	cowardly
jilip	sleep
jilipiai	be sleepy
jilipibala	sleepy
jimbijamba	fish species
jimejim	destroy
jimel	smell
jimelim	smell
jimogiyai	blind
jinareishan	generation
jineik	snake
jing	sing
jingat	call out
jingat	sing out
jingat	sound
jingat	drone
jingat	howl
jingat	groan
jingat	grunt
jingat	snort
jingat	whimper
jingat	wave
jingating	calling
jinggabat	consider
jinggabat	contemplate
jinggabat	think
jinggabat	remember
jinggabat	think about
jinggali	happy
jinggali	proud
jinggali	be
jinggarlibala	proud person
jinggi	decomposing
jinggi	rotten
jinggi	stinking
jingginat	bark
jingginat	calling out
jinginat	calling
jingit	think
jingulili	blackberry
jini dongki	donkey
jinigap	sneak up
jinikim	sneak up
jinjabred men	gingerbread man
jinma	shark
jinuj	muscle
jinuj	sinew
jinuj	tendon
jip	potato chip
jip	sheep
jiraf	giraffe
jis	just
jistabat	almost
jit	sheet
jitja	sister
jo	chin
jo	jaw
jo	beard
jo	moustache
jo	whiskers
jo:tbala	short
job	job
joba	sober
jodaba	sort of
jodaba	type of
jogim	choke
jogim	soak
jogim	squeeze
jogim	knead
joinap	join
joindap	joining
joinim	join
joinimap	join
joinimap	unite
joinin	join in
joininwan	joined
joint	stalk
joint	stem
jojpan	saucepan
jolda	shoulder
joldableid	shoulder blade
jop	shop
jotmoa	berry
jow	show
jowing	showing
jowum	show
jik	cheek
jik	sassiness
jik	sick
jubij	jewfish
jubuk	dive
judum	shoot
juga	sugar
juga	sugary
juga	sweet
jugabeg blai	bee
jugalib	tree
jugubeg	wild honey
jugi	four-wheel drive vehicle
jugong	dugong
juju	corroboree
juju	loincloth
jukdan	bend over
jukdan	crouch
jukijuki	four-wheel drive vehicle
jukjuk	chicken
jukjuk	cock
jukjuk	domestic fowl
jukjuk	chook
juljul	horny
juljul	randy
juljul	sexy
julou	slow
julubala	slowly
julugan	banana
jululuma	navel
julurruma	umbilical cord
jumbago	tobacco
jumbago	native
jumelim	smell
jumok	smoke
jumokin	smoke
jumokum	cure
jumokum	smoke
junggai	boss
junikeik	damper
junikeik	johnnycake
jupdan	stoop down
jupi	blackcurrant
jupjup	soup
jupjup	stew
juriny	horny
juriny	randy
jurratj	diarrhoea
jurribala	three
jurru	through
jus	choose
jus	decide
juspat	juice
jusum	choose
jutbi	blackcurrant
juwa	sore
juwei	swearing
juweirring	swearing
juweta	cardigan
juweta	jumper
juweta	sweater
juwing	swing
juwis	drooling
juwum	chew
jwalorrum	swallow
jwalorrum	to
jwelap	swell up
jyu	dew
jyu	fog
ka	car
kanboi	convoy
kaan	cannot
kabadi	drink
kabadi	tea
kabadi	tea break
kabaditaim	midafternoon
kabaditaim	midmorning
kabaditaim	teatime
kabarroba	cover over
kabed	cupboard
kaburrumap	bury
kaburrumap	cover
kaburrumap	cover up
kad	cards
kad	charm
kadim	circumcise
kadim	cut
kadim	operate
kadim	chop
kadim	break open
kadim	take out
kadimap	carry
kadimat	interrupt
kadimbek	carry back
kain	kind
kain	type
kainaba	type of
kainbala	kind
kainbalawei	kindly
kainwan	kind
kainwei	kindly
kaiyabam	tree
kajin	mother-in-law
kajin	sister-in-law
kajulum	embrace
kajulum	grab
kaka	faeces
kaka	defecate
kakaji	goanna
kala	colour
kalarim	colour
kalawan	coloured
kalbiri	cavalry
kaliko	bedspread
kaliko	calico
kaliko	canvas
kaliko	cover
kaliko	sail
kaliko	swag
kam	come
kam	become
kaman	come
kaman	come on
kamap	arrive
kamap	come to
kamap	come up
kamap	move to
kamap	rise
kamat	arrive
kamat	come out
kamat	come to
kamat	reach
kambek	come back
kambek	return
kamdan	come down
kamin	come in
kaminap	appear
kaminap	come
kaminap	rise
kaminat	come
kamiya	come here
kampani	company
kampeni	company
kampiny	egg
kamyunyan	communion
kan	cannot
kanbis	canvas
kanbis	tarpaulin
kangfu	hitting
kangfu	kicking
kangfu	kung fu
kangurri	yam
kansil	council
kantim	count
kantri	country
kantri	land
kantri	locality
kantri	place
kantri	territory
kantrimen	countryman
kap	calf
kap	cup
kap	mug
kapati	cup of tea
kapati	tea break
kapatidaim	tea break
kapiket	copy
kapinta	carpenter
karant	current
karant	currant
karant	tide
karanyirringba	lots
karanyirringba	many
kard	playing card
kardamap	carry
keliko	canvas
karraborri	corroboree
karrakkarrak	darter
karrijong tri	tree
karrimap	carry
kasin bratha	cousin
kasin sista	cousin
kastad epul	tree
kastam	custom
katakros	shortcut
kerisin	kerosene
katam	cut
katam	interrupt
katam	sever
katamat	cut out
katamat	separate
katapila	caterpillar
katapila	grub
katapwan	sliced
katlain	line
kauboi	cowboy
kauboi but	boot
kauboi kantri	hilly area
kaundim	count
kaundimap	count up
kaundimat	count out
kayay	be horny
kayilimap	gather
ke:li	curly
keib	cave
keib	hole
keik	cake
keingurru	kangaroo
keingurru	wallaby
keipok tri	bush
kelenda	calendar
kelinda	calendar
kemp	camp
kemp	camping-place
kemp	dwelling place
kemp	live
kemp	stay
kemp	swag
kemp	bed
kemp	nest
kemp	bedroll
kempinat	camp
kemra	camera
kemul	camel
kenbis	canvas
kenbis	tent
keraban	caravan
kilaimap	climb
keriyim	carry
kerosinwud tri	Hakea
kerosinwud tri	kerosene wood
kerriimap	carry
kerring	pregnant
ket	cat
ketfis	catfish
ketul	cattle
ki	key
kid	child
kid	kid
kidikidi	young goat
kidikidi	kid
kidni	kidney
kidni	bladder
kidni	porcupine
kijimap	arrive
kikim	kick
kikin	alive
kikin	living
kikinap	throw a tantrum
kil	be killed
kila	killer
kilim	hit
kilim	hurt
kilim	injure
kilim	kill
kilim	pain
kilogrem	kilogram
kilomita	kilometre
kin	able
kin	can
king	best
king	king
kingbraun	snake
kingfisa	flycatcher
kingfisa	kingfisher
kingfisa	forest kingfisher
kini	skinny
kini	thin
kinu	canoe
kipgon	continue
kipgon	keep going
kipgon	go on
kipum	have
kipum	keep
klab	social club
klaimap	climb up
klas	classroom
klaud	cloud
klaun	clown
kleba	clever
klebabala	clever
klebabala	smart
klebabala	knowledgeable
klebabalamen	smart person
klebabalawan	clever
klebabalawei	cleverly
klebawan	clever
klebawei	cleverly
klei	clay
klei	ordinary
klepin	clap
klia	clear
klif	bank
klif	cliff
klin	clean
klinap	clean up
klinbala	clean
klinbalawan	clean
klinbalawan	virgin
klinim	clean
klinimap	clean
klinimap	defeat
klinskin	blank tape
klinskin	clean-skin
klinskin	uncircumcised
klinwan	clean
kliyawan	clear
klok	clock
klos	close
klos	closed
klos	clothes
klos	nearby
klos	off
klos	shut
klos	dress
klosim	close
klosim	shut
klosimap	close up
klothing	clothing
koat	court
koat	court case
kob	cough
kodan	cotton
kofi	coffee
koginatgrob	coconut grove
kokanat	coconut
koki	parrot
koki	parrots
kokreg	loincloth
kokroj	cockroach
kokwud tri	tree
kokwud tri	corkwood
kol	coal
kol	cold
kol	gold
kol	cool
kol	charcoal
kol	coals
kolbala	cold
kolbala	to be
koldringk	cold drink
kolimdan	cool down
koljeid	cool shade
kolsik	common cold
kolsisan	cold season
koltaim	cold season
kolum	call by name
kolum	name
kolum	say
kolum	call out to
kolwetha	cold season
kolwetha	dry season
kolwethataim	cold season
komic	comic
komyuniti	community
kona	corner
konkinberri tri	tree species
kopa	copper
kopawan	copper
kopi	copy
kopiwan	copied
koris	chorus
koris	song
koroburi	corroboree
kos	because
kot	coat
kothaus	courthouse
kotimbek	question
kotin	cotton
kotkeis	court case
kout	coat
kowarri	shield
krai	cry
krai	weep
krai	scream
kraingki	angry
kraingki	insane
kraingki	mad
kraingki	upset
krasam	cross
kraul	crawl
kraulabat	crawl
kraun	crown
krean	crayon
kreb	crab
kreibij	crayfish
kreibij	yabby
kreikinap	ragged
kreikinap	torn
krein	crane
krein	heron
krein	herons
kreingki	foolish
krek	crack
krek	split
krek	tear
krekim	break
krekim	crack
krela	cockatoo
krela	corella
krik	creek
krik	gully
krik	gutter
krik	wash away
krik	river
krikbed	creek bed
krikbed	Little Creek
krikbed	gully
kriket	cricket
krikid	crooked
krim	cream
kriol	Creole
kriol	pidgin
kripa	creeper
kripap	creep up
kripulap	cripple
kripulbala	crippled person
kripulum	cripple
kripulumap	cripple
kripulwan	crippled
kro	crow
krokadail	crocodile
krokadail	alligator
krol	crawl
kroling	crawling
kros	cross
krosim	cross
krosim	cross over
krosing	crossing
krosoba	cross
kroswei	across
krukidwan	crooked
krukidwan	bend
krukidwan	lean
krukmen	criminal
krukmen	crook
krul	cruel
krulbala	cruel
krulbalawei	cruelly
krulwan	cruel
krusifai	crucify
krusing	cruise
krusing	drive
kudarrgu	brolga
kudun	unable to
kuk	cook
kuk	cooked
kuk	ripe
kukubarra	kookaburra
kukum	cook
kukum	make hot
kukwan	cooked
kul	cold
kul	cool
kul	school
kulaman	coolamon
kulaman	make
kulaman	wooden
kulaman	flat
kuldring	cool drink
kuldring	soft drink
kuliba tri	tree
kuluj	clothes
kulujap	nearby
kulumap	cool
kumbu	urine
kumirr	blackberry
kundarr	tree
kuninyarra	tree
kuwana	corner
kuwi	koel
kwait	calm
kwait	noiseless
kwait	peaceful
kwait	quiet
kwait	tame
kwaitbala	quiet
kwaitbala	whisper
kwaitbala	slow
kwaitbala	soft
kwaitbala	weak
kwaitbala	ill
kwaitbala	still
kwaitbalawei	quietly
kwaitnim	quieten
kwaitnim	restrain
kwaitnim	tame
kwaitsneik	snake
kwaitwan	quiet
kwaitwei	quietly
kweil	quail
kwesjinim	question
kwesjinmak	amazement
kwesjinmak	query
kwesjinmak	surprise
kwestjan	question
kwestjanim	question
kwik	fast
kwik	quickly
kwikbala	quick
kwikbalawei	quickly
kwikenkwik	quickly
kwin	queen
kwin	queen bee
kyusim	milk
kyusim	squeeze
la	along
la	at
la	in
la	into
la	on
la	to
la	with
labam	like
labam	love
labda	have to
labda	like to
labda	must
labda	yes
labinjaga	kookaburra
labli	lovely
labli	nice
ladim	allow
ladim	let
laf	laugh
lagijat	like that
lagijat	thus
lagijat	do
lagijat	same
lai	lie
laib	alive
laib	be alive
laib	live
laibala	live
laibala	alive
laibala	life
laibalawan	live
laibliwan	active
laibliwan	lively
laibwan	live
laidim	light
laidim	switch on
laidim	turn on
laidimap	light
laif	life
laiga	like
laiga	similar to
laigim	appreciate
laigim	like
laigim	love
laik	like
laim	lime
laim woda	limewater
lain	line
lainap	line up
lainbala	lying
lainimap	line up
laininrein	thunderstorm
lais	lice
laisan	dog tag
lait	light
lait	fire
lait	flame
lait peipa	tracing paper
laita	cigarette lighter
laithawus	lighthouse
laitim	light
laitimapbat	light
laitining	gecko
laitining	lightning
laitwan	light
laitwan	flying fox
laitwan	lightweight
laitwan	float
laitwan	red
laiya	lie
laiya	untruth
laiyan	lion
laiyawan	liar
laiyawan	lying
laiyawei	lyingly
laiyinbala	liar
laiyinbalawan	liar
laiyinbalawei	lyingly
laja	leather
lajaim	last round
lakamap	lock
laki	lucky
lakiwan	lucky
lambarra	father-in-law
lambarra	husband’s father
lamp	lamp
lampwan	nugget
landin	land
lang	lungs
langa	along
langa	at
langa	in
langa	into
langa	on
langa	to
langa	with
langa	this way
langa	towards
langgus	language
langgus	big words
languna	goose
languna	black swan
langurr	ceremony
lanswud	tree
larram	allow
larram	let
larramdan	let down
larramgo	leave
las	finally
las	last
las	at last
leimbalawan	lame
lasnait	last night
lektrik	electric
laswan	final
laswan	last one
laswik	last week
lasyiya	last year
lat	lot of
lat	plenty
lau	law
laudis	very loud
laumen	lawmen
laus	lice
laus	louse
laus	fleas
lebden	left hand
lebden wolabi	wallaby
lebdenjaid	left side
lebelwan	level
leben	eleven
lebenbala	eleven
lebul	even
lebul	level
lebul	parallel
lebul	simultaneous
lebul	be
lebul	be level
lebulum	level
ledim	allow
ledim	let
ledimgo	let go
ledimgo	release
lef	left
lef	remaining
lefdoba	leftover
leften	left hand
leftenbala	left-handed
leftensaid	left side
leftoba	leftover
leftobawan	leftover
leg	leg
leg	thigh
leg	back wheels
leg	calf of leg
leg	lower leg
leg	shin
legpat	extremity
leidan	lay down
leidan	lie down
leidan	sleep
leidaran	later on
leidi	lady
leig	lake
leigpat	leg
leim	lame
leim	lay
leimbala	lame
leimwan	lame
leisibala	lazy
leisiwan	lazy
leisiwei	lazily
leit	late
leitbala	late
leklek tri	dead tree
lemen	lemon
lemp	lamp
lempsten	lamp stand
len	learn
lenim	teach
lenim	train
lenswud	tree
leped	leopard
lepisi	leprosy
leprasi	leprosy
leprasimen	leper
les	let’s
lesin	lesson
lili rut	lily root
leta	letter
leta	book
li:d	lead
lib	leaf
lib	left
lib	live
liba	liver
libdimap	lift up
libin	be involved in
libin	live
libt	lift
libt	ride
libum	forget
libum	leave
libum	not
lid	bone
lid	in front
lid	lid
lid	skull
lida	ahead
lida	initial
lida	lead
lida	leader
lida	in the lead
lidamob	leaders
lidawan	leading
lidim	lead
lidimap	lift up
lidimbat	lead
lidpat	lid
lif	leaf
lijenam	hear
lijinim	hear
lijinim	listen to
lijinim	understand
lik	leak
likim	lick
liklik	drizzle
lil	little
lil	small
lilbala	little
lilbalawan	little
lilbit	little
lilbit	small
lilbit	a little
lilbit	a little bit
lilbit	slowly
lilbit	softly
lilboi	little boy
lilboi	boy
lilboiwan	boyish
lilboiwei	boyishly
lilgel	little girl
lilgel	young girl
lilgel	female
lilgel	girl
lilgel	young
lili	lily
lili	water lily
lilil	little
lilil	small
lilil	tiny
lililwan	small things
lilisid	lily
lilisid	waterlily
lilkid	child
lilkwin	lazy
lilpleiwan	mini
lilpleiwan	small
lilwail	while
lilwan	little
lilwan	small
lilwan	tiny
lilwan	a little
lilwantaim	in childhood
lim	branch
lim	limb
lin	lean
lin	bend
lindim	lend
linngu	language
lip	leaf
lipda	crane
lipda	jack
lipda	lift
lipdim	lift
lipdimap	lift
lirrga	lizard
lisin	listen
lisin	obey
lisin	understand
lisining	listen
lokpat	lock
lita	litre
lo	culture
lo	custom
lo	law
lo	religion
lobala	low
lod	load
loda	lots
loda	many
lodabum	lot of
lodan	below
lodan	downstream
lodan	low-down
lodan	down
lodan	under
lodan	underneath
lodan	bottom
lodanwan	low
lodimap	load up
loding	cargo
loding	load
log	log
logabat	look around
lok	lock
lokap	jail
lokimap	imprison
lokimap	lock up
loklok	lizard
loli	sweet
loliwoda	soft drink
long	long
longam	long-sleeved
longbala	long
longiswan	very long
longnek te:tul	turtle
longtaim	long time ago
longtaim	later
longtaim	long time
longtaim	early days
longtom	long tom
longwan	long
longwan	tall
longwan	high
longwan	male
longwan	protruding
longwei	distant
longwei	far
longwei	long way
longwei kantri	foreign country
los	lost
lostim	lose
lourr	hug
lowan	low
loya	lawyer
lua	fishing lure
lubis	louvres
ludan	low
lugabdum	look after
lugabdum	take care of
lugap	look up
lugaran	search
lugarta	look after
luginat	observe
luginat	spy
luginat	watch
lugunat	look
lugunat	stare
lujim	lose
luk	look
luk	see
lukabat	look
lukabat	remember
lukabat	search
lukaftum	look after
lukap	look up
lukaran	look around
lukaran	glance back
lukat	lookout
lukbek	glance back
lukbek	look back
lukbek	look around
lukdan	look down
lukinat	observe
lukinat	spy
lukinat	watch
lukluk	be dead
lukluk	die
lukum	look at
lukum	see
lumbuk	pigeon
lus	die
lus	loose
lus	lose
lusum	forget
lusum	lose
mEn	person
ma	begin
ma	come on
mabul	marble
mabultri	tree
mabultri	ash tree
mabultri	red
mad	mud
mad	silt
madi	muddy
madkod	cod
madwan	mad
madwan	silly
magabala	yam
magaramap	ruin
magaramap	spoil
magim	mark
magim	write
mai	my
maiamaya	mad
maila	pass
main	mine
main	my
maind	brain
maind	mind
maindim	look after
maindim	protect
maindim	tend to
maindim	shepherd
maindim	tend
maindim	care for
maindim	have
maindim	mind
mainmak	good
mainwan	mine
maiself	me
mait	might
maitbi	maybe
maitbi	possibly
maitbi	unsure
maitbi	don’t know
maitbi	perhaps
maitj	vow
maiyal	mad
maiyal	myall
maiyal	wild
maiyalbala	wild
maj	much
majan	mustn’t
majblai	fly
majblai	marchfly
majurrum	gather
majurrum	muster
majurrum	assemble
majurrum	congregate
majurrum	surround
mak	brand
mak	mark
mak	sore
mak	cut
mak	to
makam	mark
makim	brand
makim	draw
makim	mark
makraun	idle
makraun	muck around
makraun	play
mala	us
mala	we
malat	mullet
malawarra	tree
mali	mother-in-law
mama	food
mama	vegetable food
mama	fruit
mami	aunt
mami	mother
mami	motor
mami	mother’s sister
mami milk	breast milk
mamiwan	female
mamiwan	maternal
mamman	grandfather
mamman	grandmother
mangei	very good
mangga	vagina
manggrul	stupid
mangki	monkey
mangumangu	fornicate
mangumangu	have intercourse
mangumangu	be promiscuous
mani	coin
mani	money
mani	hill
mani	stone
mani	paper money
mani	paperbark
mani	paperbark tree
maniboks	money-box
manija	boss
manija	manager
manjong	useless
mans	months
mant	month
manth	month
manth	moon
mantin	mountain
mantin	hill
manuga	money
maont	mount
mardpi	maybe
marid	be married
marlabangu	mussel
marluga	old man
marrayin	song
marrunggun	bush fruit
marrut	save for
mas	mask
masbi	maybe
masbi	probably
mashrum	mushroom
mashrum	toadstool
maskitu	mosquito
mastarrim	gather
mastarrim	muster
masul	mussel
matha	mother
matiriyal	material
matj	many
matj	much
maus	hose end
maus	mouse
maus	mouth
maus	radiator
maus	rat
maus	bandicoot
mauspat	microphone
megit	maggot
menggo	tree
menijim	manage
med	engrossed
med	infatuated
med	irresponsible
med	mad
medisin	disinfectant
medisin	medicine
medisin	poison
medmed	mad
medmed	stupid
medwan	mad
megajin	magazine
megpai	butcherbird
megpai	magpie
megpai	Australian magpie
meigapwan	artificial
meigapwan	fake
meigidat	figure out
meigidat	make out
meigidat	understand
meigim	add
meigim	cause
meigim	make
meigim	save
meik	cause
meik	make
meikit	succeed
meikit	survive
meikshuwa	make sure
meil	cheque
meil	mail
meil	money
mein	important
mein	significant
meinggo	tree
meit	friend
meit	spouse
meit	mate
meitmeit	pair
mejis	matches
mejurim	aim
mejurim	measure
mekshuwa	ensure
mekshuwa	make sure
mel	cheque
mel	mail
mela	we
mela	us
melabat	we
melabat	our
melabat	us
melan	melon
men	person
men	man
men	Aboriginal
mendim	mend
mendim	sew
mendimap	mend
mendimap	sew up
meni	many
menida	crocodile
menida	saltwater crocodile
menija	manager
mep	map
merigoraun	merry-go-round
merrit	marry
merritmen	married man
mes	mess
meshurum	measure
mesij	message
mesij	sermon
mesika	massacre
mesinja	messenger
met	mat
met	mate
metbaga	mad
metbaga	stupid
metj	match
metjis	matches
mi	I
mi	me
mi	mine
mi	my
mibala	we
midap	meet up
midim	meet
miding	meeting
midnait	midnight
midsap	meet up
midsap	merge
midubala	we
midul	centre
midul	middle
miduleij	middle-aged
midulnait	midnight
midulpat	middle
midulwan	middle
migamiga	leech
migamiga	flea
migim	make
mijamet	together
mijelb	oneself
mijelb kantri	alone
mijelb mijelb	individually
mijelb mijelb	separately
mijij	European woman
mikenik	mechanic
mikibul	bull
miksap	be confused
miksimap	add
miksimap	join
miksimap	mix
miksimap	get mixed up
miksimap	mix up
milat	we
milimili	book
milimili	paper
milk	breast
milk	milk
milk	nipple
milk	teat
milk	breast milk
milkim	milk
milking kau	milking cow
milktri	milkwood
milktri	kerosene wood
milktri	milk tree
milwan	middle
milwoda	deep water
milyan	innumerable
mimba	remember
min	mean
minalabat	we
minbala	we
mindim	mend
mindim	repair
mindubala	we
mini	lots
mini	many
minim	we
minimminim	blink
minimminim	flash
minimminim	close eyes
mining	meaning
mining	message
minista	clergyman
minista	minister
minjim	crush
minminlait	Ghost light
minyu	we
mipela	we
mira	mirror
mirakul	miracle
mis	miss
misal	itchiness
misal	oneself
misal	pain
misdim	miss
miselp	herself
miselp	himself
miselp	itself
miselp	myself
miselp	oneself
miselp	yourself
miselp	yourselves
misgida	mosquito
misgida	sandfly
mishan	mission
mishanri	missionary
mishanri	schoolteacher
mishin	machine
mishin gan	machine gun
misis	European woman
misis	wife
mista	mister
misteik	mistake
misteik	make mistake
mistim	miss
mistimmistimbat	stagger
mit	meat
miting	meeting
moa	more
mob	associates
mob	crowd
mob	family
mob	group
mob	lot
mob	large quantity
mob	mob
mobaja	further
mobeda	better
mobeda	improved
mobedawan	better
mobedawei	better
modabaik	motorbike
modalans	motorboat
modibaik	motorcycle
modiga	car
moghaus	morgue
mokim	mock
mokim	ridicule
molobondok	lizard
moni	money
moning	morning
moningsta	morning star
moningsta	Venus
moningtaim	morning
monsta	monster
mop	mop
mop	broom
mopim	mop
moyi	tree
mubingwoda	moving water
mubum	move
mudiga	motor car
mudubaik	motorbike
mukmuk	owl
mula	daughter
mula	mother
mulabanda	gecko
mulalu	root
mulungwa	killer
mulungwa	wanderer
mulungwa	witch doctor
mun	month
mun	moon
mun	snail
mun	snake
munanga	European
munanga	white person
munanga	man
munanga	white
munlait	moonlight
munmen	mythical being
munyumunyu	father-in-law
munyumunyu	nephew
murlurri	cousin
murnda	muscle
murnda	muscle strength
murndamen	muscleman
murrunggan	blackcurrant
muv	move
muvin	move
na	along
na	at
na	in
na	into
na	neg
na	now
na	on
na	to
na	with
na	today
na	already
nada	another
nada	other
nadasaid	other side
naf	adequate
naf	enough
naga	breechcloth
naga	cloth
naga	loincloth
nagap	tire
nagap	wear out
nagid	naked
nagop	finish work
nagop	knock off
naif	knife
nain	nine
nainbala	nine
nais	good
nais	nice
nait	night
naitaim	night
naitaim	dark
naitaim	darkness
naitaul	tawny frogmouth
naitaul	boobook
naitaul	owl
naitingeil	nightingale
naja	other
najalot	different group
najalot	others
najamob	others
najan	another
najan	other
najan	the other one
najapleis	another place
najapleis	other place
najasaid	another side
najasaid	other side
najatu	other two
najawan	another
najawan	different one
najawan	other
najawei	another direction
najawei	another way
najing	nothing
najing	unimportant
najing	unsuccessfully
najing	in vain
najing	like
najing	never mind
najing	no matter
najing	nobody
najing	no
najing	none
nak	knock
nakat	fall asleep
nakimbek	retaliate
nakimdan	hit
nakimdan	knock down
nalanala	club
nalanala	nulla-nulla
namba	letter
namba	number
nambawan	first
nambawan	very good
nambawan	most important
nambawan	principal
nambawan	big
nambawan	great
nambawan	large
None	nine
nanga	along
nanga	at
nanga	in
nanga	into
nanga	on
nanga	to
nanga	with
nangi	this one
nap	already
nap	still
napkin	napkin
napkin	nappy
narro	narrow
nat	neg
nat maj	few
nat maj	little
nat maj	small
natful	empty
natful	hungry
natha	another
natha	other
natwes	worthless
nau	now
nayn	nine
ne:boswan	excited
neba	didn’t
neba	never
neba	seldom
nebal	navel
nebamain	don’t
neidib	aborigine
neidib	native
neidib kompenyan	brolga
neidib kompenyan	sarus crane
neidibket	feral cat
neigidbala	naked
neigidwan	naked
neil	nail
neil	needle
neil	spike
neil	fingernail
neil	toenail
neilap	be nailed
neilbush	tree
neilfish	fish species
neilimap	nail up
neim	name
neim	story
neim	talk
neim	word
neimim	name
nek	neck
nek	nape of neck
nekdei	next day
nekleis	necklace
nekstaim	next time
nekswan	next
nenigout	goat
nenigout	sheep
nerro pleis	narrow place
nes	nest
nes	bed
net	net
net	basket
nevpat	electrics
nga	okay
ngabi	correct
ngabulgen	dead body
ngaja	ask for
ngaja	beg
ngaja	plead
ngalei	Oh yeah
ngaminngamin	card game
ngamuri	grandfather
ngamuri	father’s father
ngangi	what’s this
ngar	erect
ngaridi	power
ngaridi	strength
ngarlmarr	armpit
ngarnanngarnan	be alone
ngarnanngarnan	be isolated
ngarni	but
ngarni	okay
ngatju	generous
ngatjurr	be generous
ngei	like
ngi	correct
ngi	vagina
ngi	isn’t it
ngi	yes
ngi	tag question
ngirr	bark
ngirr	growl
ngulumurrun	pubic hair
ngurridin	wild banana
ngutju	generous
ni	knee
nibali	nephew
nidil	needle
nidilim	inject
nigilij	necklace
nildan	crouch
nildan	kneel
nildan	kneel down
nili	almost
nili	nearly
nin nin	finch
nirrinirri	fly
nis	niece
no	know
no	not
nobodi	nobody
nodis	notice
nogab	tire
nogab	wear out
nogud	bad
nogud	dirty
nogud	diseased
nogud	evil
nogud	wrong
nogudbala	sin
nogudbala	sinner
nogudbala	no good
nogudbala	sore
nogudbala	bad
nogudbala gabarra	cranky
nogudbalawan	sinful
nogudbalawei	sinfully
nogudbinji	be displeased
nogudbinji	be sad
nogudbinji	be unhappy
nogudbinji	feel sad
nogudbinjiwei	sadly
nogudwan	bad
nogudwan	bitter
nogudwan	brackish
nogudwan	no good
nogudwei	badly
nohop	impossible
nois	noise
nois	talk
nok	knock
nokam	knock
nokap	be tired
nokap	tired
nokap	to be
nokap	tire
nokap	carry
nokap	be
nokap	hungry
nokimap	tire
nokimdan	knock down
noking	nodding
nomedsa	disregarding
nomedsa	never mind
nomo	no
nomo	no more
nomo	no other
nomo	not
nomo	never mind
nomo	nobody
nomo	nothing
nomo	none
nos	nose
not	knot
notisim	notice
notisim	recognise
noum	know
noum	recognise
nowan	no one
nowedaba laiya	true
nuga	money
nugud	no-good
nugud	unwell
nugudbala	bad
numu	no
numu	not
nusanwan	nuisance
nyali	be pleased
nyali	be satisfied
nyamurni	delicious
nyangarri	greedy
nyangarri	selfish
nyarr	good
nyart	penis
nyart	rock
nyart	wallaby
nyartnyart mijelb	masturbate
nyilip	fast
nyingaya	desire
nyingaya	sake
nyu	fresh
nyu	new
nyu	recent
nyubala	new
nyubon	newborn
nyubonwan	newborn
nyukurr	sacred
nyukurr teibul	altar
nyumumnyumum	have intercourse
nyus	news
nyusans	nuisance
nyuskeriya	go-between
nyutestamen	New Testament
nyuwan	new
nyuwan	fresh
ny~u	new
ny~ubala	new
o	oh
o	or
oba	over
obajea	over there
obin	open
obinim	open
obiningwei	door
obis	office
obisamen	clerk
oim	owe
odinriwan	ordinary
odinriwei	ordinary
ofsaida	assistant
ofsaida	offsider
oil	oil
oista	oyster
ojioji	horse
ok	eagle
ok	hawk
okei	okay
oktapus	octopus
ol	all
ol	old
ola	a lot
ola	all
olabasadn	suddenly
olabat	their
olabat	them
olabat	they
olagija	altogether
olagija	completely
olagija	everlasting
olagija	forever
olagija	totally
olat	all
olataim	continuously
olataim	frequently
olawei	all the way
olawei	always
olawei	altogether
olawei	long time
olbala	old
olbala	falling a part
olbala	no good
olbalawan	old
olbit	altogether
olbit	all the way
olbit	long time
olbit	entirely
olbrij	Old Bridge
olda	halter
olda	older
oldei	all day
oldei	always
oldei	continuously
oldendaim	olden times
oldim	hold
oldim gabarra	confirmation
oldindeis	old-time
olfeshanwan	outdated
olgolgamen	old women
olgolgamen	women
olidei	holiday
oligija	all over
oligija	altogether
oligija	forever
oligija	all the way
oligija	long time
oligija	entirely
olim	hold
olkain	all kinds
olkain	frog
olkain	generic
olkain	snake
olkain	any kind
olkainaba	all kinds of
olmen	man
olmen	old man
olmen	old person
olmen	Aboriginal
olmenolmen	men
olmenolmen	old men
olnait	all-night
olot	whole lot
olpipul	old people
olpipul	old person
olrait	for sure
olredi	already
olredi	previously
olredi	now
oltestaman	Old Testament
olum	hold
olwan	old
olwan	falling a part
olwan	no good
olwuman	old woman
omom	warm
on	horn
on	own
onap	own up
onli	only
onli fo	covered with
onli fo	full of
onli fo	surrounded by
onself	ownself
ontop	above
ontop	on top
opin	available
opin	open
opinap	open up
opinim	open
opinimap	open
opinimap	turn on
opinimap	open up
opinimat	open out
opinwan	open
opinwei	openly
orait	all right
orait	okay
orait	OK
orait	alright
oredi	already
oredi	now
orinj	orange
orla	the
os	horse
ostritj	ostrich
ot	hot
ova	over
owat	what
owumbek	return gift
owumbek	pay back
pEjin	person
pa	distant
pa	far
pagit	pocket
pai	pie
paibol	piebald
pailap	pile up
pailimap	pile up
pailit	pilot
pailitim	pilot
pailitmen	pilot
painwud	ironwood
paiya	fire
pajam	beat
pajam	be longer
pajam	pass
pajimbek	return
pajoba	win
paketwan	packet
pamp	pump
panapul	pineapple
panish	be punished
panishim	punish
panishmen	punishment
pans	panties
paoda milk	powdered milk
papit	doll’s house
papit	puppet
pappap	puppy
pappap	little dog
pappap	dog
parralais	entranced
parralaisim	paralyse
parrik	fence
pas	past
pasawei	die
paspas	pass by
perashut	parachute
pautj	pouch
pawul	fowl
pedik	paddock
pedik	tray
pedil	petrol
pedul	paddle
pedulum	paddle
peg	peg
peghos	pack horse
pegimap	pack up
pei	pay
pei	wages
peidei	pay
peidei	wages
peij	page
pein	pain
peindim	paint
peining	pain
peining	painful
peining	sore
peint	clay
peint	ochre
peint	paint
peintim	paint
peintim	to
peinting	painting
peipa	book
peipa	paper
peipa	paperbark
peipa	paperbark tree
peipabak	tree
peipabak	paper money
peipabak	paperbark
peipabak	paperbark tree
peipabak	big
peis	face
peisim	confront
peiyim	pay
peiyimbek	pay back
pejin	person
pekimap	pack up
penkeik	pancake
pensil	pen
pensil	pencil
pepul	purple
pepulwan	purple
perrish	be famished
perrish	be thirsty
perrit	parrot
perritfis	parrotfish
perrol	petrol
pidim	feed
pigipigi	pig
pijin	pigeon
pijin	Dove
pijin	peaceful
pikap	learn
pikat	choose
pikimap	learn
pikimap	pick up
pikimat	choose
pikinik	outing
pikok	peacock
piksimap	erect
piksimap	mend
piksimap	repair
pilam	feel
pilitim	pilot
pinapek	spinifex
pinat	peanut
pinij	end
pinij	finish
pinijim	complete
pinijim	end
pinjim	pinch
pinjim	press
pinjim	squash
pinjim	steal
pinsal	pen
pinsal	pencil
pipinat	peep out
pipul	people
pirrki	coals
pirteita	potato
pis	urine
pis	piss
pitja	film
pitja	movie
pitja	picture
pitja	slide
pitjirrim	picture
piwi	magpie-lark
piwi	peewee
plam	dried fruit
plam	plum
plandimbat	plant
plat	stop work
platat	quickly
plei	play
plei	fun
plei	have
pleibat	play
pleibat	shout
plein	aeroplane
plein	hairless
plein	plain
plein keinggarru	kangaroo
pleiran	fool around
pleis	place
pleit	plate
pleiwan	toy
pleiyim	play
pleiying	play
plen	plan
plendam	hide
plendi	plenty
plendi	sufficient
plenim	plan
plent	be hidden
plentim	plant
plij	please
plismen	constable
plismen	policeman
plisteisan	police station
po	about
po	belong to
po	for
po	four
po	of
podabul	portable
podabul	shiftable
poget	forget
poisin	poison
poisin	poisonous
poisin	onion
poisinbala	poisonous
poisinim	poison
poisinwan	poisonous
poka	poker
poket	pocket
pokipain	echidna
pokum	poke
pol	pole
popo	pawpaw
praibit	personal
porij	porridge
posam	possum
posam daga	plant species
pot	pot
poto	photograph
potri	pottery
prablam	problem
prais	charge
prais	price
pramis	promise
pramisim	promise
prapa	genuine
prapa	real
prapa	really
prapa	very
prapawan	proper
prapli	properly
prapli	well
praudbala	proud
praudbalawei	proudly
prea	pray
prea	prayer
predimat	deal
prei	pray
preijim	press
preimbat	pray
prem	roof rack
present	present
president	president
presim	pinch
presim	press
presim	push
preya	prayer
prisan	prison
prisana	prisoner
prisanamob	prisoners
priskul	preschool
pulat	pull out
pruf	prove
pudi	pretty
pudum	put
pudumap	put up
pudumat	put out
pudumbek	put back
pudumdan	put down
pudumdan	put
pudumin	put in
pudumon	put on
pudumran	put round
pudumwei	put away
pujum	push
pul	full
pul	pool
pul	pull
pulap	pull up
pulap	stop
puldan	fall
puldan	fall down
pulijmen flai	fly-like
pulteibul	pool table
pulum	pull
pulumap	pull up
pulumat	extract
pulumat	pull out
pulumat	take off
pulumat	undo
pulumbek	pull back
pulumdan	pull down
pulurrim	follow
pupa	larva
pupala	poor thing
purdi	pretty
purdibala	pretty
purdibalawei	prettily
purdiflawa	flower
purdiwan	pretty
purduga	bush medicine
purrum	from
purrum	place
purrum	put
purrum	through
purrumdan	place
purrumdan	put
purum	pour
purum	spill
pushum	push
pushum	push in
pushumat	push out
pushumbek	push back
pushumwei	push away
pusiket	cat
pusiket	domestic cat
pusiket	clubs
putato	potato
putato	root vegetable
putpat	footpath
putpat	sidewalk
puwating	poor thing
pwima tri	tree
ranat	exhaust
ranat	run out
ranat	spill
rab	rob
rab	steal
raba	eraser
raba	robber
raba	rubber
raba	thief
rabam	rub
rabijbin	rubbish bin
rabijim	break law
rabim	wrap
rabim	grind
rabim	rub
rabish	discarded
rabish	litter
rabish	old people
rabish	orphan
rabish	rubbish
rabish	sister
rabish	trash
rabish	unemployed
rabish	useless
rabish	widow
rabish	woman
rabish	worthless
rabish	froth
rabish	scum
rabishdam	rubbish dump
rabishim	insult
rabishwan	useless
rabishwei	uselessly
rabum	rub
rabum	spread
rabumat	erase
rabumof	rub off
raf	hard
raf	raft
raf	rough
raf	tough
raf	tyre
raftaim	rough time
rafwan	rough
rafwei	roughly
raidap	until
raidim	ride
raidim	write
raidimdan	write down
raifol	gun
raifol	revolver
raifol	rifle
raiful fish	archerfish
rainosris	rhinoceros
rais	rice
raisap	rise up
raitiya	here
rait	correct
rait	exactly
rait	precisely
rait	right
rait skin	marriageable
rait thru	directly
raitap	Right Up
raitap	completely
raitap	right up
raitdan	right-down
raithenmen	assistant
raithenmen	foreman
raithenmen	offsider
raithenmen	right-hand man
raitim	write
raitwan	right
raitwei	rightly
rajap	until
rambi rambi	snake
ramp	buttocks
ramp	hip bone
ramp	pelvic bone
ran	drive
ran	run
ranam	run into
ranamap	round up
ranap	run up
ranawei	run away
ranawei	go away
ranawei	go down
ranawei	set
ranawei	escape
ranawei	get away
ranbek	run back
randimap	gather
randimap	round up
ranim	run
ranimap	catch
ranimap	chase after
ranimap	chase to
ranimap	run to
ranimbek	drive back
ranin abat	many
raning geit	cattle grid
raning toilet	diarrhoea
raningwoda	running water
ranwei	backslide
ranwei	run away
rapimap	wrap up
ras	rust
rastiwan	rusty
raun	circular
raun	round
raunwan	round
raunwan	circular
raunwan	pregnant
rebit	rabbit
red	red
red lili	water lily
redant	ant
redant	reddish
redended	red-handed
redended	by surprise
redi	prepared
redi	ready
redibala	ready
rediredi	walking stick
rediyo	radio
redkol	burning coal
redoga	red ochre
redulum	strum
redwan	burning coal
redwan	red clay
redwan	red
redwan	orange red
redwan	clay
reikim	rake
reikim	spur
reilwei	railway
rein	rain
reinbe:d	koel
reinbe:d	rainbird
reinbe:d	wood swallow
reinbe:d	swallow
reinbo	rainbow
reinbo	rainbow serpent
reinbo jinek	rainbow serpent
reindiya	reindeer
reinjim	organise
reinklaud	rain cloud
reintaim	wet season
reintaim	rainy season
reinwoda	rainwater
reinwoda	fresh
reinwoda	rain water
reisinka	racing car
reito	righto
reiza bleid	razor blade
reken	give opinion
reken	reckon
reken	report
reken	say
releshan	relation
releshan	fellow countryman
ren	wren
ren	rain
reng	arsehole
res	race
res	rest
reslim	wrestle
restim	rest
restim	stop
restim	balance oneself
ret	rat
ret	mouse
rib	chest
rib	rib
rib	side
riba	creek
riba	river
riba wisling tri	oak
riba wisling tri	river
riba wolabi	wallaby
riba wolabi	kangaroo rat
riba wolabi	river
ribasaid	riverside
ribbon	rib
ribgija	side by side
rid	read
ridim	interpret
ridim	read
ridimat	readout
rigin	claim
rigin	reckon
rijim	chase
ril	real
rili	really
rili	very
riligudwei	excellently
riliwan	genuine
riliwan	properly
riliwan	really
riliwan	real
riliwei	excellently
rimaindim	remind
rimimba	remember
ringap	call
ringap	erect
ringap	ring
ringap	telephone
ringap	erected
ringap	put up
ringim	call
ringim	ring
ringim	telephone
ringimap	erect
ringimap	put up
rinso	washing powder
rinsomen	masturbator
rinsomen	wanker
ripim	speed
ritjbala	rich
ritjmen	rich person
ritjwan	rich
roba	robber
roba	thief
robala	rough
robin	robin
rod	road
rod	rod
rodio	rodeo
rok	rock
rok	hill
rok	stone
rok kantri blanbo	sugar glider
rok keinggurru	euro
rok keinggurru	wallaroo
rok kod	sleepy cod
rok kod	rock cod
rok kod	Northern
rok wolabi	wallaby
rok wolabi	rock wallaby
rokantri	rocks
roket	rocket
rolapwan	rolled up
rolawei	roll away
roldap	curled
rolim	roll
rolimap	roll up
rolimap	crumple
rolimap	fold
rolimbek	rollback
rolimwei	roll away
ron	own
ronbalawei	one’s own way
rong	incorrect
rong	wrong
rongwan	wrong
rongwei	incorrectly
rongwei	wrongly
ronselp	ownself
ronwan	own
ronwan	belonging to
ronwan	one’s own
rop	rope
ropimap	lasso
roptri	green plum
roptri	tree
rorring	roar
rorring	thunder
rorring	lightning
rostidwan	roasted
rostim	cook
rostim	roast
roud	path
roud	road
roud	track
roudwei	roadway
roup	rope
rowan	raw
rowan	unripe
rud	obscene
rud	rude
rudas	roadhouse
rudi	prepared
rudi	ready
rudimat	destroy
rudimat	dig out
rudimat	recall
rudimat	root out
rudimat	think
ruding	sexual intercourse
rudiyimap	prepare
rudiyimap	ready
rudwei	obscenely
rudwei	rudely
ruf	roof
rufpat	roof
rul	law
rul	rule
rula	ruler
rulim	rule
rulum	roll
rulumap	roll up
rum	room
rum	space
runggai	root
runggai	edible root
runimdan	destroy
runimdan	ruin
rusta	rooster
rustim	cook
rustim	roast
rut	root
rutpat	root
saini	bright
saini	shiny
sainim	shine on
sainim	sign
sa:dwei	alongside
sa:dwei	beside
sabi	know
sabi	understand
sabol	shovel
sad	be sad
sad	sorrow
sad	sympathise
sadisfai	satisfy
sadnis	sadness
sadnis	sorrow
saf	soft
safring	suffer
said	bank
said	side
said	shallow water
saidpat	side
saidwei	sideways
saiklon	cyclone
saiklon	strong wind
sain	signal
sain	shine
sainboad	signboard
sainbod	signboard
saipris	cypress
sais	size
sak	shark
saladoda	catfish
salid	big
salid	desirable
salid	excellent
saltim	chase
saltim	salt
sam	some
sama	level
sama	together
samaram	be similar
sambala	some
sambodi	somebody
sambodimob	some people
samtaim	sometimes
samting	something
samwan	someone
samweya	somewhere
san	sun
san	brother’s son
san	man’s son
san	son
sanap	daytime
sandan	sunset
sangidap	east
sangidapwei	east
sangodan	west
sangodanwei	west
sangraun	sand
sanraisaid	east
sanraiswei	east
sanrij gowena	goanna
santa	centre
sapa	dinner
sapa	supper
sapa	evening meal
sauth	south
sauthsaid	south
sauthwei	south
sawa	sour
sawa	spoilt
sbaida	spider
sdoping	live
sdoping	stay
sdring	nerves
sdring	veins
se:	sir
se:kul	circle
seben	seven
sebenbala	seven
sebenwan	seven
sebin	seven
sebis	service
sebra	zebra
sed	grieved
sed	sad
sedalim	restrain
sedildan	cease
sedildan	stop
sedilmen	settlement
sedimap	set up
seduldan	quieten
seduldan	stop
sei	say
sei	speak
sei	do
sei	tell
seibum	keep
seibum	preserve
seibum	save
seibum	build up
seibya	saviour
seidilaig	Satan
seik	sake
seikrid	sacred
seikridwan	sacred
seikridwan	secret
seim	embarrass
seim	likewise
seim	same
seim	shame
seimbala	same
seimpleis	same place
seimpleis	someplace
seimtaim	same time
seimtaim	simultaneously
seimwan	same
seimwei	same way
seimwei	similarly
sekanwan	second
selim	sell
sen	sand
senbeingk	sandbank
senbitj	beach
sendim	send
senflai	sandfly
senflai	mosquito
senfrog	Sand Frog
senfrog	frog
sengraun	sand
sengraun	sandstone
sengraun	dirt
sengraun	ground
sengraun	sandy ground
senhil	sandhill
senrij	sand ridge
senrij gowena	goanna
sens	cents
sent	cent
sentamita	centimetre
sentapid	centipede
separetim	separate
separetim	take away
separetim	take out
serramoni	ceremony
serramoni	corroboree
sewijes	sandwiches
shabala	sharp
shabala bingga	fingernail
shabalashabala	crown of thorns
shabalashabala	spiny
shabalawan	sharp
shabul	shovel
shabul spiya	shovel spear
shabulnos spiya	shovel spear
shadan	be killed
shadim	shut
shadimap	close
shadimap	shut
shainim	shine on
shainim	signal
shainiwan	shiny
shainiwan	bright
shainiwan	dazzling
shainiwan	quartz
shak	shark
shalowoda	shallow water
shap	sharp
shapinim	sharpen
shapkipa	shopkeeper
shapwan	sharp
shat	attempt
shat	try
shat	turn
shatgan	shotgun
shawa	shower
she:t	shirt
shea	chair
shea	inheritance
shea	portion
shea	share
sheaim	share
shedo	shadow
shedo	silhouette
sheid	shade
sheid	shadow
sheidi	shady
sheiditri	shade
sheiditri	shade tree
sheigen	shake hands
sheigim	shake
sheik	shake
sheik	shiver
sheikan	handshake
sheikimap	shake
sheikimap	shake up
sheim	be embarrassed
sheim	be shy
sheim	go down
sheim	set
sheim	shy
sheim	shamed
shel	seashell
shel	mussel
shel	shell
shel	spiral
shela	shallow
shelifish	shellfish
sherrim	shear
sheya	share
shifdim	shift
shiftim	move
shiftim	shift
shiftim	move about
shiftim	transfer
shiftimat	shift off
shil	shield
ship	sheep
shis	cheese
shit	faeces
shit	sheet
shit	shit
shitibain	corrugated iron
shiva	shiver
shoim	show
shoim	point out
shoim	point to
sholda	shoulder
sholda bleid	shoulder blade
sholdabon	shoulder blade
shop	shop
shop	store
shopa	chopper
shoping	shop
shopkipa	shopkeeper
shot	short
shotbala	short
shotkat	abbreviation
shotkat	shortcut
shotkatwei	short cut
shotleg	fall short
shotwan	short
shotwan	female
shotwan	recessed
shotwan trausis	shorts
shotwin	puffed out
shotwin	short-winded
shotwin	tired
shotwin	be
shotwin	breathless
shotwin	to be
shoulda	shoulder
shoum	show
shud	should
shudum	hit
shudum	shoot
shugabeg	honey
shugabeig flai	native bee
shugabeig flai	bee
shugakein	sugarcane
shuid	short
shuis	shorts
sikap	be fed up
sikap	be upset
sibo	bull
sid	seed
sid	eye
sidan	be
sidan	exist
sidan	live
sidan	sit down
sidan	sit
sidan	squat
sista	nurse
sista	sister
sigal	seagull
sigal	swallow
sigal	swift
sigal	sea bird
sigaret	cigarette
siim	see
sik	intercourse
sik	sex
sik	be sick
sik	sickness
sik	thin
sik	sick
sik	wasting away
sikbala	sick
sikbala	ill
sikbala	still
sikbala	die
siknis	sickness
sikpin	five cents
siks	six
siksbala	six
sikswan	six
sikwan	sick
sikwan	thin
silasita	lawyer
silasita	solicitor
silba	silver
silbawan	silver
sili	mad
sili	silly
silibala	silly
silibalawei	silly
silip	sleep
silip	stay
silip	lie down
silipi	sleepy
silipiai	sleepy
silipin	sleep
silipiwan	sleepy
silipiwei	sleepily
silipri	slippery
siliwan	silly
silkwan	silk
sim	see
siment	cement
sin	sin
sina	sinner
sing	curse
sing	sing
skwasimap	crush
skwasimap	squash
singam	sing
singat	call out
singat	shout
singat	sing out
singat	play
singat	buzz
singat	shrill
singat	sing
singat	yelp
singim	curse
singim	sing
singsong	singing
singul	single
singulbala	single
singulgel	widow
singulgel	single girl
singulgel	girl
singulgel	single
singulmen	bachelor
singulmen	single man
singulwan	single
sisan	season
sisis	scissors
siwid	eelgrass
siya	see you
siyim	look at
siyim	see
siyim	find
siyimbat	look at
siyimbat	see
skai	sky
skait	boast
skait	brag
skait	skite
skaiting	show off
skaiting	skite
skaitingaranbat	show off
skaitingaranbat	skite
skedad	disordered
skedad	scattered
skedadim	scatter
skedadimat	scatter
skeil	scale
skeilim	weigh
skeilimap	weigh
skelitin	skeleton
sket	skirt
skid	skid
skidam	skid
skin	skin
skin	fur
skin	rind
skin	subsection
skin	sweat
skin	taste
skindaiba	skin-diver
skinemapim	beat
skini	sick
skini	skinny
skini	slim
skini	thin
skini	wasting away
skinim	skin
skinimap	skin
skiniwan	skinny
skinpat	skin
skinwan	skin on
skipskip	skip
skobiyan	scorpion
skopiyan	scorpion
skopiyan	spider
skrab	scrub
skrebun	scrape
skretjim	scratch
skrin	screen
skruim	screw
skul	school
skulim	teach
skulimap	teach
skuljildren	schoolchildren
skulkid	schoolchild
skuwerambek	pay back
skuwerambek	reciprocate
skuwerambek	retaliate
skweya	square
skweyawan	square
skweyawan	flat
skweyawan	squarish
skwisim	squash
skwisim	squeeze
skwisimap	squash
skwisimap	squeeze
skwisimap	crumple
skwisimap	fold
skwisimap	roll up
slaid	slide
slaida	slide
slaisim	slice
slaisim	rain
slaisim	slice up
slek	backslide
slek	ease off
slek	insecure
slek	lethargic
slek	loose
slek	slack
slekap	neglect
slekap	slack up
slekbala	slack
slekbek	backslide
slekbek	fall away
slekbek	neglect
slekim	make loose
slekim	slacken
slekwan	lazy
slekwan	negligent
slekwan	blunt
slekwan	slack
slipinwan	sleeping
slipriwan	slippery
slipriwan	escape
slipriwan	get away
slipriwan	slip
slo	gently
slo	slow
slo	slowly
slo	softly
slobala	slow
slobala	quiet
slobala	soft
slobala	weak
slobala	a little bit
slobala	slowly
slobala	softly
slobum	solve
slomojen	lazily
slomojen	slowly
smail	smile
smashimap	destroy
smashimap	smash up
smashimap	smash
smat	clever
smat	smart
smel	smell
smelim	smell
smeshim	smash
smeshimap	smash up
smok	smoke
smok	heat haze
smok	dust
smok	whirlwind
smok	cigarette
smok	steam
smok	fire
smokim	smoke
smokiwan	smoky
smoko	tea break
smokotaim	midmorning
smokotaim	recess
smokotaim	rest from work
smokotaim	smoko
smokotaim	tea break
smoktri	tree
smoktri	smoke tree
smol	small
snaipa	sniper
sneik	snake
sneik	generic
sneil	snail
snikap	sneak up
snikibalawei	sneakily
sno	snow
so	so
so	sore
so	so that
so:mil	sawmill
sobala	sore
sobawan	sober
sodfish	swordfish
sodimat	sort out
sodimat	untangle
sof	soft
sofbal	softball
sofdringk	soft drink
sofwan	soft
sofwan	quiet
sofwan	slow
sofwan	weak
sofwan	a little bit
sofwan	slowly
sofwan	softly
soing	sew
sok	soak
sok	sock
sok	spring
soka	soccer
sol	salt
solda	shoulder
soldiwoda	salt water
solja	guards
solja	soldiers
soljamob	soldiers
solti	salty
soltiwan	salty
solwoda	sea
solwoda	salt water
solwoda	brackish water
solwoda	crocodile
spirrim	spear
spirrim	to
song	song
songmen	singer
sop	soap
sopmen	masturbator
soptri	tree
soptri	wattle tree
sori	be sorry
sori	sympathise
soribala	sorry
soribalawei	sorrily
soriwan	sorry
sosij	sausage
sospen	saucepan
sospin	saucepan
souta	type of
sowing	sewing
spai	spy
spaida	spider
spaida	scorpion
speid	triangle
spel	break
spel	rest
spel	rest stop
spelim	spell
speshal	special
speshalwan	special
speshalwei	specially
spesilmen	appointee
spesilmen	offsider
speyawan	spare
spidbagi	dune buggy
spik	speak
spilim	spill
spilim	tip out
spilim	pour
spilim	upset
spilimat	spill out
spindim	spend
spirit	spirit
spiritjulwei	spiritually
spiritmob	spirits
spirrit	spirit
spirritjulwei	spiritually
spirritwan	spiritual
spirritwan	supernatural
spit	spit
spit	saliva
spiya	spear
spiyamen	spearman
splidim	split
splidimap	split up
split	split
spoil	spoil
spoilim	spoil
spotspot	spotted
spredat	spread out
spredat	spread
spredat	scatter
spredim	spread
spredimat	disperse
spredimat	scatter
spredimat	spread
spring	spring
springkl	sprinkle
springwoda	spring water
spun	spoon
spunbil	spoonbill
sta	star
sta	stars
sta:dap	set off
sta:dap	go away
sta:dap	set out
stab	stop
stab	rest stop
stabum	prevent
stabum	stop
stadi	study
stadim	start
stadimap	start up
stadimof	start off
stagiba	shop assistant
stagiba	storekeeper
stail	action
stail	style
stak	be caught
stak	be stuck
stakam	stick
stakfut	do to excess
stakmen	stockman
stakyad	stockyard
stap	sit
stap	stay
stap	joke
stap	lie
stap	stop
stapam	prevent
stapam	stop
stat	begin
stat	set out
stat	start
stat	arrive
stat	go away
statabek	begin again
statabek	restart
statim	begin
statim	start
stedi	careful
stedibala	steady
stei	stay
stei	stop
steikimap	stick up
steishan	station
stendaram	stun
step	step
sterrimap	incite
sterrimap	stir up
stes	stairs
stifwan	stiff
stik	stick
stik	tree
stik	wood
stikibik	stickybeak
stikim	stick
stikinat	stick out
stikinat	stick up
stikwan	wooden
stil	still
stilim	rob
stilim	steal
stilimbala	robber
stilimbala	thief
stilwan	motionless
stilwan	still
stingayu	burn mouth
stingerei	dragonfly
stingerei	smallish
stinggi	decomposing
stinggi	rotten
stinggi	smelly
stinggi	smell
stingim	sting
stingrei	stingray
stipwan	steep
stiringwil	steering wheel
stiya	young bull
stiya	steer
stoamen	storekeeper
stokmen	stockman
stom	storm
stombe:d	blue-winged kookaburra
stombe:d	oystercatcher
stombe:d	swallow
stombe:d	swift
stombe:d	petrel
stombe:d	swallows
stombe:d	swifts
stombe:d	kookaburra
ston	stone
ston	hill
ston	pebble
ston	small stone
ston	spearhead
ston keinggurru	kangaroo
ston keinggurru	euro
stoni	gravelly
stoni	rocky
stoni	stony
stonim	stone
stoniwan	stony
stonwan	stone
stori	story
stori	talk
stori	word
stowa	store
straipi	stripy
straipid	striped
straipiwan	stripy
straipwan	striped
streidap	above
streidap	straight ahead
streidap	straight up
streidat	straight-out
streidawei	straightaway
streidin	straight in
streinja	stranger
streit	correct
streit	straight
streitat	frankly
streitat	straight-out
streitawei	immediately
streitbala	straight
streitbalawei	correctly
streitin	straight in
streitinim	correct
streitinim	straighten
streitinimap	straighten up
streitinimat	straighten out
streitwan	straight
streitwan	good
streitwei	straightaway
strep	dog collar
stretja	stretcher
string	strap
string	string
stringibak	tree
stringibak	stringybark
stringim	string
strit	street
strong	strong
strong ti	tea
strong ti	strong tea
strongbala	strong
strongbala	big man
strongbala	hard
strongbala	loud
strongbala	strongly
strongbala	big
strongbalawan	strong
strongbalawei	strongly
strongwan	strong
strongwan	hard
strongwan	loud
stupid	foolish
stupid	naive
stupid	stupid
su	zoo
suga	sugar
sugabeg	sugarbag
sugakein	sugarcane
swipim	sweep
sulki	be angry
sup	soup
supsup	soup
supsup	stew
suwan	swan
sweda	jumper
sweda	sweater
sweg	swag
sweig	belongings
sweig	swag
sweig	bed
sweig	bedroll
sweig	camp
swelap	rise
swet	perspiration
swet	sweat
swet	taste
swet kamat	perspire
swet kamat	sweat
swetgidap	perspire
swetgidap	sweat
sweya	swear
swim	swim
swim	go swimming
swiming	swim
swing	swing
swingim	swing
swingswing	swing
swipap	sweep up
swit	sweet
swit	tasty
swit purteida	sweet potato
switbala	sweet
switinim	sweeten
switsmelwan	sweet-smelling
switwan	sweet
switwan	sugary
swolap	swelling
swolap nos	be jealous
taN	tongue
tagat	eat
tagatim	eat
taid	tide
taid	tie
taid	flood
taidap	tied up
taidiwan	tidy
taiga	tiger
taim	season
taim	time
taimap	tie up
taimap	tie
taimbom	time bomb
taip	cassette
taipen	snake
taipen	taipan
tait	tight
taitbala	tight
taitbinji	satiated
taitinimap	tighten up
taitwan	tight
taiya	tyre
taiya	raft
taiyimap	buckle
tajim	touch
taka	food
talim	tell
tamaring	tree
tamiyek	axe
tamiyek	tomahawk
tang	tongue
tangumirl	greedy
tangumirl	selfish
tanimof	turn off
telabisin	television
tarrgi	bustard
tarrgi	turkey
tatjam	make contact
tatjam	be familiar
tatjam	feel
tatjam	reach
tatjam	touch
taun	town
tawul	towel
taya	wheel
tayata	four-wheel drive vehicle
tayid	lazy
tayid	tired
te:dl	turtle
te:ki	turkey
tearimdan	destroy
tearimdan	tear down
tearimdan	upset
teblit	medicine
teblit	pill
tedibeya	teddy bear
tedulhok	firebird
tedulhok	fish hawk
tedulhok	kite-hawk
teibul	table
teik	take
teikapleis	give support
teikim	take
teikimat	remove
teikimat	take off
teikimat	pull out
teikimat	undo
teikimof	remove
teikirrawei	remove
teikitawei	run off with
teiknodis	take notice
teikoba	take over
teikof	begin to move
teil	tail
teilim	mind
teilim	tail
teilim	tend
teilim	look after
teilim	shepherd
teilpat	tail
teinggulumap	tangle up
teingkyu	thank you
teist	taste
teist	sweat
teistim	taste
telafon	telephone
telam	tell
teling	tell
temtim	tempt
tenaran	turn around
tenawei	turn away
tenbala	ten
tenbek	turn back
tengk	tank
tenim	turn
tenimran	turn around
tenis	tennis
tent	tent
tern	turn
ternam	turn
terrimap	destroy
terrimap	tear up
terrimap	tear
testim	test
testimat	test out
tetul	turtle
thad	that
thadmaj	abundantly
thadmaj	plenty
thanda	thunder
tharra	there
tharran	that one
tharran	that
tharrei	that way
tharrei	there
tharrei	this way
thausen	thousand
thedwan	third
thesti	thirsty
thestibala	thirsty
thestiwan	thirsty
thikwan	thick
thin	sick
thin	thin
thing	thing
thong	thong
thred	thread
thri	three
thribala	three
thribalawei	in threes
thridei	three days time
throim	throw
throt	neck
throt	throat
throt	voice
throt	windpipe
throut	throat
thrribala	three
thru	through
thruwum	throw
ti	drink
ti	tea
ti:ki	dangerous
ti:ki	savage
ti:s	tease
tibum	tip
tikit	ticket
til	till
tilib	tea
timana	horse
timba	timber
timpul	temple
timta	Satan
timta	tempter
timtim	tempt
tin	tin can
tin bib	tinned meat
tin frut	tinned fruit
tinait	tonight
tinamit	tinned meat
ting	thing
tinstaf	tinned food
tipemoba	tip over
tipimoba	tip over
tipoba	tip over
tishe:t	singlet
tishe:t	T-shirt
tisim	tease
tit	nipple
tit	tit
tit	breast
tit	milk
tit	teat
tit	breast milk
titibotil	feeding-bottle
titja	teacher
titja	missionary
titja	schoolteacher
titjim	teach
titri	tree
tjakam	chuck
tjakam	throw
tjakamdan	throw down
tjakidawei	throw away
tjakin	donation
tjakol	charcoal
tjapam	chop
tjatj	charge
tjein	chain
tjeinj	change
tjeinjim	change
tjeisim	chase
tjeisim	follow
tjeisimap	chase
tjeisimap	follow
tjeisimap	chase away
tjeisin	chase
tjens	chance
tjens	opportunity
tjepta	chapter
tjetj	church
tjidimbat	cheat
tjis	cheese
tjokum	choke
tju	to you
tjuwing	chew
toilet	defecate
toilet	faeces
toilet	toilet
toilet	urinate
toilet	urine
toitit	denture
toitj	torch
toitjim	shine
toiwan	imitation
tok	speak
tok	speech
tok	talk
tok	story
tok	word
tokabat	talk about
tokin	talk
tol	tall
tomigan	machine gun
tomiyauk	small axe
tomiyauk	tomahawk
tong	thong
toppat	top
topwan	top
totj	torch
totj	firestick
totj	light
trik	deceit
trik	trick
toyota	four-wheel drive vehicle
trabeling	go
trabeling	travel
trabul	difficulty
trabul	problem
trabul	trouble
trabul meika	criminal
trabulmeika	troublemaker
trabulum	cause trouble
trai	try to
trai	tray
trai	try
traib	tribe
traim	test
traim	try
traip	stripe
traiyim	attempt
traiyim	try
trak	truck
trak	car
tramput	trumpet
trasis	trousers
trastim	trust
trayimat	try
trebala	messenger
trebul	drive
trebul	journey
trebul	move
trebul	travel
tregimap	track
treila	trailer
trein	train
treinimap	train up
treinpot	transport
treinpot	large truck
trek	footprint
trek	track
trekam	track
trekta	tractor
trep	trap
trepam	trap
tri	tree
tri	plant
tri	stick
trikibala	difficult
trikim	confuse
trikim	deceive
trikim	lie to
trikim	trick
trikiwan	tricky
tring	sinew
tring	string
tring	vein
trip	journey
trip	trip
trisneik	snake
trisneik	tree snake
trou	throw
tru	true
trubala	true
trubala	truly
trubalawan	true
trubalawei	truthfully
truwan	true
truwan	truly
tu	also
tu	too
tu	two
tu8	tooth
tubala	two
tubeka	cigarette
tubeka	smoke
tubeka	tobacco
tudei	now
tudei	today
tudeina	right now
tufas	quickly
tul	tool
tuleit	too late
tum	tomb
tumara	next day
tumara	morning
tumara	tomorrow
tumatj	because
tumatj	lots
tumatj	many
tumato	tomato
tumeni	lots
tumeni	many
tumorro	tomorrow
tunait	tonight
turlpu	heart
tus	tooth
tut	tooth
tuth	teeth
tuth	tooth
tuwa	door
tuwa	shop
tuwa	store
twelbala	twelve
twistim	twist
twistim	twirl
twistimran	twist around
tyun	tune
u	who
ugimap	be hooked
uk	fishing gear
uk	hook
urldi	used to
veri	very
vilij	village
wekam	work
wa	when
wadabat	what about
wadaim	what time
wadaim	when
wadbo	why
wadi	log
wadi	male genitals
wadi	penis
wadi	stick
wadi	tree
wadrim	spray
wadrim	water
wadul	tree
wadul	wattle
wadul	pale yellow
waguwagu	Casuarina cunninghamiana
waguwagu	tree
waguwagu	oak
wai	why
waid	wide
waident	termite
waident	white ant
waident	termites
waident	white ants
waif	wife
wail	untamed
wail	while
wail	wild
wail anyan	wild onion
wail anyan	onion
wail anyan	wild
wail binana	wild banana
wail binana	tree
wail dog	dingo
wail dog	dog
wail dog	wild dog
wail dog	big dog
wail dog	big
wail faul	fowl
wail faul	wildfowl
wail gusaba	cassava
wail juk	cormorant
wail juk	Black
wail kokonat	tree
wail meinggo	wild mango
wail meinggo	mango
wail melin	wild melon
wail melin	melon
wail piteta	potato
wail piteta	wild potato
wail piteta	wild
wail rais	rice
wail rais	wild rice
wail yem	yam
wail yem	wild yam
wail yem	potato
wailbala	wild
wailmen	wild man
wailmen	wild
wailwan	angry
wailwan	upset
wailwan	wild
wailwei	wildly
wailwin	whirlwind
wain	wine
wait	white
wait	yellow
wait gamtri	white gum
wait gamtri	tree
wait gamtri	gum tree
wait gamtri	white
wait hok	eagle
wait hok	Whistling Eagle
wait karant	white currant
wait karant	currant
waitbala	European
waitmen	European
waitwan	white
waitwan	pale yellow
waitwan	wattle
waitwan	light-coloured
waitwan	pinkish
waitwan	kite
waitwud	tree
waiya	fishing spear
waiya	wire
waiya spiya	fishing spear
waj	watch
wajameda	why
wajim	wash
wajim	watch
wajim	wet
wajing	wash
wakwak	crow
wal	well
wal	while
walgarra	fish species
walima	castrated
wambala	one
wan	one
wan	a
wan	when
wanaklok	one o’clock
wanbala	one
wanbala	only a little
wanbinji	united
wanda	desire
wanda	intend
wanda	want
wandei	one day
wandim	desire
wandim	want
wandringran	wander around
wanem	what
wangulu	orphan
wangulu	poor person
wangulu	widow
wanguwangulu	orphans
wanguwangulu	poor people
wanguwangulu	widows
wani	want
wani	will
wani	what
wanim	what
wanim	whatsit
wanim	what’s-its-name
wanim blanga	why
wanmo	again
wanmo	one more
wanmo	repeat
wanmo igin	once again
wanmotaim	again
wanmotaim	once more
wanmotaim	repeatedly
wannait	one night
wanpleis	certain place
wansaid	to one side
wantaim	once
wantaim	one time
wanwan	doubt
wanwan	question
wanwei job	good idea
wanwik	one-week
waral	spirit
warbiwarbi	be alone
warbiwarbi	be isolated
wardabirr	goanna
wardimelen	watermelon
wariyin	preoccupied with
wariyin	worrying
warl	covet
warl	desire
warl	like
warlal	long
warlmbarl	gossip
warlmbarl	talk about
warnang	finished
warnang	the end
warngugu	wallaby
warngugu	rock wallaby
warr	grind
warr	rub
warral	shadow
was	was
wasawei	wash away
washim	wash
wat	what
winmil	windmill
watfo	why
watjam	watch
wattaim	how long
wattaim	what time
wattaim	when
wawulaf	werewolf
wodabat	what about
we	that
we	which
we	who
we:kinboi	disciple
we:kinboi	working man
we:kinmen	disciple
we:kinmen	working man
we:l	world
wea	where
wed	language
wed	message
wed	speech
wed	story
wed	wet
wed	word
wed	talk
wedenim	wet
wegan	wagon
wei	way
weibweib	wave
weibweib	waves
weid	wait
weiding	waiting
weigap	wake up
weigimap	arouse
weigimap	wake up
weijis	wages
weijit	pay
weijit	wages
weikimap	wake
weil	whale
weistim	expend
weistim	spill
weistim	waste
weit	heaviness
weit	pressure
weit	wait
weit	weight
weitdeya	wait
weitimbat	wait for
weitin	wait for
weiv	waves
weiyim	weigh
wek	work
wekin	work
weks	wax
wel	well
welai	parrot
welai	green parrot
welnoun	know well
welwin	whirlwind
wem	worm
wen	when
wepan	weapon
weram	put on
weram	wear
werrim	wear
werrimat	erase
werrimat	rub out
werrimon	wear
wes	west
wes	waist
weship	worship
weswan	worse
wet	wet
wetnayim	put out fire
wetnayim	water
wetsisan	wet season
wettaim	wet season
wetwan	wet
wetwan	wet ground
weya	when
weya	where
weya	who
wi	we
wi:d	weed
wida	single girl
wida	widow
wido	widow
widogel	widow
wijan	which
wijei	where
wijei	whither
wijeijei	how
wijeijei	where
wijeiwijei	how
wijeiwijei	where
wik	Sunday
wik	tired
wik	weak
wik	week
wikbala	weak
wikbala	quiet
wikbala	slow
wikbala	soft
wikbala	die
wikbala	sick
wiken	weekend
wikwan	weak
wil	disappear
wil	wheel
wilbera	wheelbarrow
wilimbek	rewind
wiliwegteil	willy wagtail
wiliwili	whirlwind
wiliwili	willy-willy
wilot	we
wilya	what for
win	breath
win	when
win	win
win	wind
wina	winner
winbreik	windbreak
windo	window
wing	wing
winim	defeat
winim	win
winimbek	win back
wining	win
winpaip	exhaust pipe
winpaip	throat
winpaip	windpipe
wintj	winch
wip	weep
wip	whip
wip	cry
wip sinik	snake
wip sinik	whip snake
wipim	whip
wirrim	wear
wirrimon	put on
wirrimon	wear
wis	which
wiska	beard
wiska	whiskers
wiska	chin
wiska	moustache
wislingtri	tree
wisul	air horn
wisul	whistle
wisuling	whistling
with	with
wo:	war
wo:fait	war
wo:tengk	tank
wobla	fishing line
woda	water
woda	liquid
woda	still water
woda	still
wodabeg	water bag
wodabeg	basket
wodaberg	bag
wodabidul	water beetle
wodabidul	beetle
wodabidul	water
wodadram	water drum
wodafol	waterfall
wodahol	waterhole
wodalili	water lily
wodamelanmen	Watermelon Man
wodaret	rat
wodaret	water rat
wodarum	water
wodasneik	snake
wodasneik	water snake
wodawan	watery
wodrim	water
wodrim	make wet
wok	walk
wokabat	journey
wokabat	walk
wokaran	go around
wokawei	walkaway
wokdan	walk down
wokinmen	workman
wokinraun	travel
wokinstik	walking stick
wokpas	walk past
wokwok	walk
wokwokpas	walk past
wol	wall
wolabi	wallaby
wolet	wallet
wom	warm
womara	woomera
wombala	warm
womim	warm
womum	warm
wonim	caution
wonim	warn
wori	be sorry
wori	worry
woriwei	worriedly
wot	what
wot blanga	what for
wot dijan bla	What’s THIS For...!
wot dijanda	what’s this
wot disda	what’s this
wot tharran da	what’s that
wotabat	what about
wotaim	when
wotamelin	watermelon
wotfo	why
wotjim	watch
wotkain	what kind
wotrong	what’s wrong
wotrong	why
wotrong	why not
wud	firewood
wud	log
wud	timber
wud	wood
wudi	expression of surprise
wudi:p	woodpile
wujei	where
wul	wool
wulibak tri	tree
wulijeim	like
wulijeim	same as
wulijeim	so
wulijeim	as
wulijeim	never mind
wulijeim	no matter
wulijeim	nothing
wulijim	same as
wulijim	so that
wuliwan	woolly
wuman	woman
wumara	spear thrower
wumara	woomera
wumun	woman
wunbun	hornet
wunbun	paper wasp
wunbun	big
wundidwan	injured
wurlida	tree
wurramabala	playboy
wurramabala	rich person
ya	yes
yad	yard
yakkai	horrors
yalala	pleased
yalala	satisfied
yalala	be
yalala	happy
yalbun	lily
yalbun	waterlily
yan	conversation
yan	talk
yan	yarn
yang	little
yang	young
yangbala	young people
yangbalawan	young
yangboi	young boy
yangboi	hero
yangboi	bachelor
yangboi	single man
yanggai	young man
yanggel	young girl
yanggel	girl
yanggel	young
yanggiswan	youngest
yangiswan	youngest
yangmen	young man
yangmen	man
yangmen	young
yarl	tree
yarlma	yam
yarraman	horse
yarwok	yam
yarwok	wild yam
yawarda	horse
ye	yes
yeho	oh
yekyek	chatter
yekyek	laugh
yekyek	talk
yekyek	yak
yela	yellow
yelabala	half-caste
yelawan	yellow
yelawan	yellow colour
yelawud tri	tree
yelawud tri	yellowwood tree
yem	root vegetable
yem	yam
yemstik	yamstick
yertno	half-cooked
yes	yes
yestadei	yesterday
yet	still
yet	yet
yiki	horrors
yirrim	hear
yirrim	listen
yiya	year
yo	yes
yolabat	you
yowai	yes
yu	you
yu	yes
yubala	you
yujum	use
yumandi	you want
yumandi	you will
yumob	you
yumobwei	your way
yundubala	you two
yunmalabat	we
yunmi	we two
yuno	you know
yunowot	you-know-what
yurenyam	uranium
yusda	be familiar
yusda	used to
yuselp	yourself
yusim	use
yusimap	finish
yusimap	use up
yustu	be familiar
yustu	used to
yusum	use
yusumbek	use
yuswan	yours
yuwai	yes
yuwalabat	you
bujabed	Australian magpie
bujabed	butcherbird
bujabed	magpie
aibis	ibis
telefonn portab	mobile phone
portab	mobile phone
mobayl	mobile phone
olgumen	woman
bambai	later
freshwoda	fresh water
nokamdan	knock down
nomo gadim	without
sedwan	sad
sedwan	feel sad
milk sneik	milk snake
langa wadi	blue-tongue lizard
langa wadi	small
langa wadi	bluetongue
langa wadi	lizard
lilwan ebriweya	blue-tongue lizard
lilwan ebriweya	small
lilwan ebriweya	bluetongue
lilwan ebriweya	lizard
fail sneik	file snake
gabilili	lizard
gabilili	striped
lijad	lizard
lijad	striped
baibul sneik	not poisonous
baibul sneik	rock snake
wankain sneik	rock snake
wankain sneik	edible
wankain sneik	redbelly
wankain sneik	Children’s python
wankain sneik	black spots
la ston	rock snake
smolwan gwena	strong
jidan la rok	strong
aligeda	freshwater crocodile
aligeda	crocodile
fresh wada	freshwater crocodile
blenggit lijad	frilled lizard
bilanggid lijad	frilled lizard
bilanggid lijad	Chlamydosaurus kingi
bigwan lijad	big lizard
bigwan lijad	big
bigwan lijad	lizard
blanged lijad	frilled lizard
biges gwena	sand goanna
biges gwena	goanna
lilwan lijad	skink
wankain lijad	two-lined dragon
poisin sneik	brown
poisin sneik	long
poisin sneik	poisonous
poisin sneik	snake
redwan binji	edible
redwan binji	redbelly
gudwan bif	edible
gudwan bif	redbelly
shot nek tadul	tortoise
tadul	turtle
bigwan tadul	short-necked turtle
bigwan tadul	big
bigwan tadul	turtle
bigwan tadul	short-necked
shotwan nek	short-necked turtle
shotwan nek	big
shotwan nek	short-necked
shotwan nek	turtle
krokodail	crocodile
nardi	Sand Frog
biges frog	big
biges frog	frog
grinwan frog	green tree frog
grinwan frog	green frog
grinwan frog	frog
la tri	green tree frog
lilwan braunwan frog	frog
la bilibong	frog
olkain frog	any kind
olkain frog	frog
praba bigwan frog	brown
praba bigwan frog	frog
braunwan	brown
braunwan	chestnut-coloured
braunwan	long
braunwan	poisonous
braunwan	snake
braunwan	frog
braunwan	babbler
bigwan raunwan frog	frog
freshwada tadul	fresh-water turtle
wankain freshwada tadul	fresh-water turtle
fetwan lijad	plump
fetwan lijad	skink
kala olisem bandiyan	brown
kala olisem bandiyan	long
kala olisem bandiyan	poisonous
kala olisem bandiyan	snake
jigiwan aligeda	saltwater crocodile
solwada	saltwater crocodile
solwada	brackish water
solwada	salt water
solwada	sea
straipidwan sneik	poisonous
straipidwan sneik	snake
straipidwan sneik	striped
wipsneik	black
wipsneik	whip snake
solwada aligeda	saltwater crocodile
sen gwena	sand goanna
olmen gwena	big
bigwan	big
bigwan	big man
bigwan	hard
bigwan	loud
bigwan	strong
bigwan	strongly
bigwan	great
bigwan	large
bigwan	adult
bigwan	grown up
bigwan	plump
bigwan	swollen
bigwan	fat
bigwan	paperbark
bigwan	billy
bigwan	firestick
bigwan	light
bigwan	torch
bigwan	gorge
kukabarra shel	shell
kukabarra shel	spiral
masal	mussel
masal	shell
lilwan lilwan lijad	lizard
lilwan lilwan lijad	very small
defada	death adder
defada	fat
defada	short
defada	sudden death
shotwan fetwan	death adder
shotwan fetwan	fat
shotwan fetwan	short
shotwan fetwan	sudden death
lil poisin sneik	snake
laik bandiyan	snake
got fletwan bingga	saltwater
got fletwan bingga	turtle
miga miga	leech
lij	leech
jugabeg	honeycomb
jugabeg	honey
jugabeg	sugarbag
jugabeg	sugar
kemp bla insek	camp
kemp bla insek	etc.
kemp bla insek	nest
entlayon hol	camp
entlayon hol	etc.
entlayon hol	nest
fletwan ston	antbed
fletwan ston	flat stone
fletwan ston	stone
fletwan ston	flat
fetwan flai	insect
debil-debil	Satan
debil-debil	ghost
debil-debil	devil
debil-debil	spirit
debil-debil	mantis
debil-debil	preying
wankain insek	insect
lilwan jugabeg	sugarbag
lilwan jugabeg	little
bigwan blekwan ent	ant
wankain kokroj	cockroach
wankain kokroj	metallic
bigbala bi	bee
wiskas	feelers
smolwan	grasshopper
smolwan	locust
smolwan	little
smolwan	a little
smolwan	small
smolwan	small stone
smolwan	spearhead
hol bla entlayon	bed
hol bla entlayon	nest
entlayon	antlion
lilwan bidul	beetle
lilwan bidul	small
boi jugabeg	honeycomb
long ai	honeycomb
bigwan bluwan ent	Big Blue
bigwan bluwan ent	ant
fli	flea
fli	leech
lilwan blekwan ent	biting
lilwan blekwan ent	ant
bigwan blekwan igal	eagle
grinwan	black
grinwan	dark
grinwan	darken
grinwan	fawn
grinwan	green
grinwan	dark colour
skin bla insek	skin
wankain lokus	cicada
wankain lokus	silver
sikada	cicada
sikada	silver
ani	honey
ani	sugarbag
wankain bidul	jewel beetle
wankain bidul	fly
wankain bidul	wasp
wankain bidul	bee
wankain bidul	etc.
wankain badaflai	moth
spaidaweb	spider web
lilwan skopiyan	scorpion
jugabeg bi	sugarbag
faiyaflai	firefly
im lait lait	firefly
jugabeg flai	bees
jugabeg flai	flies
jugabeg flai	bee
inglijwan en neitib	bees
inglijwan en neitib	flies
inglijwan en neitib	bee
bigwan flai	bee flies
bigwan flai	bee fly
bigwan kain bi	fly
bigwan kain bi	wasp
bigwan kain bi	bee
bigwan kain bi	etc.
imin meikim song	maker
driman	dreaming
driman	totem
driman	ceremony
slip	sleep
slip	slip
slip	slippery
bulrora	bull-roarer
Alawa	Alawa
Alawa	bone
nyugurr	forbidden
nyugurr	sacred
kaan kemp	forbidden
gos	ghost
gos	spirit
bijnij agen	ceremony
Mara	Mara
Marinbala	Mara
lenggwij	big words
lenggwij	language
linggo	big words
linggo	language
siman	dreaming
siman	totem
totem	dreaming
totem	totem
Yanyuwa	Yanyuwa
bulab gula	anger
bulab gula	angry
jikibala	anger
jikibala	angry
seikrit serramoni graun	secret
bigwan sta	Sirius
bigwan sta	star
opin kantri	bald
opin kantri	open country
bolwan	bald
bolwan	open country
win burrum jangudanwe	west wind
rokples	gorge
renbo	rainbow
helston	hailstones
entbed	antbed
entbed	flat stone
entbed	stone
krek-krek	crack
watafol	waterfall
win burrum jangidapwe	east wind
brabli hotbala spring	boiling hot
brabli hotbala spring	spring
lilwan hol	small hole
lilwan hol	hole
lilwan hol	small
redoka	red ochre
redoka	ochre
redoka	red
wait peint	white clay
wait peint	white paint
wait peint	paint
wait peint	white
fletwan kantri	flat country
fletwan kantri	country
fletwan kantri	flat
wet graun	spring
wet graun	wet ground
jok	spring
jok	wet ground
yela peint	yellow paint
yela peint	paint
yela peint	yellow
milkiwe	Milky Way
jat roud	Milky Way
nothwin	north wind
nogudbala wota	brackish water
wankain ston	stone
wankain ston	type of
sopiwan bla wota	froth
sopiwan bla wota	scum
sathan kros	Southern Cross
beingk bla riba	bank of river
redwan graun	red
redwan graun	red clay
ashis	dust
ashis	ashes
jimok burrum faya	heat haze
wev	waves
weib	waves
dipwan	deep
dipwan	deep water
dipwan wota	deep
dipwan wota	deep water
dip graun	deep place
sloping ston	stone
blekwan sengraun	mineral sand
ailan	island
ailan	low ground
lowan graun	island
lowan graun	low ground
kolweja	cold weather
barngras kantri	grass
shalowota	shallow water
kolsek	coalsack
fladwota	flood
wota la riba	flood
waitwan ston	white stone
waitwan ston	stone
waitwan ston	white
rafwan ston	rough stone
rafwan ston	rough
rafwan ston	stone
difren blekwan ston	stone
rauwan ston	round stone
rauwan ston	round
rauwan ston	stone
redwan stons	redstone
redwan stons	red
redwan stons	stone
seben sista	Pleiades
seben sista	Seven Sisters
hotwan win	hot wind
hotwan win	hot
hotwan win	wind
haiwan beingk	cliff
haiwan beingk	high bank
haiwan beingk	bank
bigbala hil	mountain
dakbala	dark
dakbala	darkness
dakbala	night
dakbala	black
dakbala	darken
dakbala	fawn
dakbala	green
dakbala	dark colour
wota	still water
draiwan ples	dry place
renbo snek	rainbow
waiwin	whirlwind
wili-wili	whirlwind
klaud garrim ren	cumulus
klaud garrim ren	stratocumulus
rentaim	rainy season
rentaim	wet season
dubala sta	stars
dubala sta	two
mami en dadi	mother and father
mami en dadi	parents
tubala	mother and father
tubala	parents
grendota	grandchild
oldes baba	older brother
oldes baba	older sibling
oldes baba	brother
oldes baba	older
anti	father’s sister
anti	mother’s brother’s wife
anti	aunt
kantriman	fellow countryman
kantriman	relation
angkul	mother’s brother
angkul	uncle
abuji	mother’s father
ngabuji	mother’s father
ngabuji	husband’s father
ngabuji	father-in-law
banjiman	in-laws
gaga	mother’s mother
gaga	faeces
gaga	shit
abija	father’s mother
tubala met gija	married couple
asbin en waib	married couple
asbin o waif	spouse
asbin	husband
bla im dadi	his father
boi bla sista	sister’s son
eldes baba	eldest brother
eldes baba	brother
eldes baba	eldest
enikain fish	fish
wankain bonifish	fish
lilwan yangwan barramandi	barramundi
grofish	crayfish
krofish	crayfish
greibij	crayfish
shel bla snel	snail-shell
lilwan lilwan fish	straw man
lilwan lilwan fish	fish
dumaj bon	straw man
dumaj bon	fish
wankain fish	spoffish
wankain fish	perch
wankain fish	spangled
bebi rok kod	sleepy cod
slipikod	sleepy cod
fish fin	fin
fish fin	pectoral
lilwan ketfish	small
maitbi madkod	rock cod
bonfish	bony bream
bonfish	bonefish
nel bla fish	fin
wiska bla fish	fin
ketfish	catfish
laik barramandi	catfish
tel	tail
biginini bla yimayirri	bream
jalgifish	bream
wankian shel	cockleshell
wankian shel	limpet
wankian shel	etc.
fish skeil	fish scales
smol shotwan fish	fish
prabli	properly
prabli	really
prabli	real
prabli	proper
jawa	sour
bolwan hed	bald
bolwan gabarra	bald
laya	lie
laya	untrue
nomo trubala	lie
nomo trubala	untrue
waydwan	wide
yangwan	child
yangwan	young
yangwan	young of animals
yangwan	paperbark
yangwan	small
bajdam	first
bajdam	first time
bajdam	in the past
bajdam	past
bajdam	earlier
bajdam	past time
lilbit waitwan	off-white
lilbit waitwan	black
lilbit waitwan	dark
lilbit waitwan	darken
lilbit waitwan	fawn
lilbit waitwan	green
lilbit waitwan	dark colour
lilbit waitwan	grey
lilbit waitwan	white
baibul baibul	piebald
lilbit redwan	chestnut-coloured
yunmi tiklim	ticklish
bla spiya	sharp
skopyon tel	sharp
olde lukabat gula	humbug
olde lukabat gula	muck around
haibala haibala	high
skinibala	thin
skinibala	sick
thinwan	thin
thinwan	sick
detibala	dirty
bla woda	dirty
nomo balgin	sweet
garrim munda	big man
garrim munda	hard
garrim munda	loud
garrim munda	strong
garrim munda	strongly
senwan	sand
senwan	sandy
openbala	open
straipibala	spots
straipibala	stripes
straipibala	striped
straip straip	spots
straip straip	stripes
spot spot	spots
spot spot	stripes
spot spot	spotty
spot spot	possum
blandibala	many
blandibala	much
blandibala	adult
blandibala	grown up
blandibala	big
blandibala	plenty
blandibala	big mob
blandibala	crowd
impotanwan	big
impotanwan	great
impotanwan	large
hadbala	hard
hadbala	loud
hadbala	strong
lilwan dog	little dog
lilwan dog	dog
lilbit lait braun	flying fox
lilbit lait braun	red
binji - ajad	belly
binji - ajad	stomach
ebribit	belly
ebribit	stomach
irriwul	horn
tus	teeth
wok la ni	crawl
skatidim	scatter
skatidimat	scatter
abum spel	rest
tok sofwan	whisper
jingat yagay	ouch
drop	drop
drop	throw
drop	fall
dekimat	take off
dekimat	take out
dijan mob	these
la tharran	to that
burrum jeya	after that
burrum jeya	from there
abdajat	after that
abdajat	from there
abdajat	then
win brom jangudanwei	west wind
win brom jangudanwei	west
win brom jangudanwei	wind
rokpleis	gorge
win brom jangidapwei	east wind
moning sta	Venus
moning sta	evening star
moning sta	star
milkiwei	Milky Way
jimok brom faya	heat haze
shelawota	shallow water
namo garrim rein	clouds
woda la riba	flood
prapa redwan ston	stone
draiwan pleis	dry place
reinbo sneik	rainbow
blekwan woda	fresh
blekwan woda	rain water
\lil sista	younger sister
prabli spot spot	spotty
jimadwan	clever
jimadwan	knowledgeable
jimadwan	smart
jimadwan	healthy
nyumun	new moon
nyumun	be on top
nyumun	full moon
nyumun	moon
babard	bird species
wan kain	bird species
fletwan	flat
fletwan	blunt
waidwan	open
waidwan	wide
netib ket	native cat
netib ket	cat
netib ket	native
blowabeg heya	white hair
waitwan heya	white hair
raun binji	round
gadim teist	tasty
gadim teist	sugary
gadim teist	sweet
nomo gadim teist	tasteless
straibala	striped
dumeni iya	big
dumeni iya	plenty
o bigwan	big
o bigwan	plenty
rili wetwan	wet
rili wetwan	wet ground
rili wetwan	really
fobala	four
heviwan	heavy
heviwan	low
dardibala	dirty
dardibala	not clean
dardibala	black
dardibala	dark
dardibala	darken
dardibala	fawn
dardibala	green
dardibala	dark colour
nomo klinbala	dirty
nomo klinbala	not clean
krikidwan	crooked
jabi-jabi	old women
jabi-jabi	wise
olgolgomen	old women
olgolgomen	wise
olgolgomen	women
gadim heya	hairy
gadim heya	shady
gadim sheid	hairy
gadim sheid	shady
sheidi tri	hairy
sheidi tri	shady
anli lilbit	one
anli lilbit	only a little
fetwan	fat
fetwan	plump
fetwan	swollen
bla enimul	fat
jodbala	short
jikiwan	aggressive
gel plein keinggurru	aggressive
sketid	scattered
jwolap	plump
jwolap	swollen
imin jwelap	plump
imin jwelap	swollen
lembala	lame
lembala	to be
kolwan	cold
kolwan	be cold
nomo gadim ngaridi	lame
munda	lame
munda	sinew
munda	strength
munda	vein
filim nogud	lame
laik wijidi	soft
skopyon teil	sharp
blantwan	blunt
blantwan	slack
nomo shapwan	blunt
bletwan	blunt
gadim bigwan bodi	fat
nomo ledim tajim	forbidden
tabu	forbidden
shuga	sugary
shuga	sweet
shuga	sugar
diyafela	forbidden
diyafela	sacred
sekrit	forbidden
sekrit	sacred
gadim munda	big man
gadim munda	hard
gadim munda	loud
gadim munda	strong
gadim munda	strongly
gadim munda	big
tolwan	high
tolwan	long
tolwan	tall
tolwan	middle finger
tolwan	finger
tolwan	middle
haibala	high
haibala	long
haibala	tall
jigibala teist	bitter
jigibala teist	brackish
difren	different
difren	separate
mijalb mijalb	different
mijalb mijalb	separate
garri sowa	no good
garri sowa	sore
dedwan	dead
lilbit blekwan	black
lilbit blekwan	dark
lilbit blekwan	darken
lilbit blekwan	fawn
lilbit blekwan	green
lilbit blekwan	dark colour
go dakbala	black
go dakbala	dark
go dakbala	darken
go dakbala	fawn
go dakbala	green
go dakbala	dark colour
nomo klinwan	black
nomo klinwan	dark
nomo klinwan	darken
nomo klinwan	fawn
nomo klinwan	green
nomo klinwan	dark colour
nomo sabi	don’t know
nomo sabi	not understand
nomo sikbala	healthy
polismen	policeman
sakamsisin	circumcised
bin kadim	circumcised
nyubala bebi	newborn baby
nyubala bebi	baby
nyubala bebi	newborn
neshan	nation
bigeswan gel	girl
olgomen	girl
olgomen	woman
gudwan hanta	good
gudwan hanta	hunter
olwan olgomen	old woman
wangulu men	widower
bebi	baby
bebi	toddler
pikinini	baby
pikinini	toddler
pikinini	child
bla menija waif	missus
nyuwan bebi	baby
nyuwan bebi	new
bigwan boi	big boy
bigwan boi	big man
bigwan men	big boy
bigwan men	big man
yanggel garrim bebi	woman
gelwan pikinini	young girl
gelwan pikinini	girl
gelwan pikinini	young
big pipul	adults
enemi	enemy
bigwan gelwan keinggurru	kangaroo
gelwan keinggurru	kangaroo
gelwan keinggurru	female
bigwan dog	big dog
bigwan dog	big
bigwan dog	dingo
bigwan dog	dog
smolwan blanbok	sugar glider
brud brud	bandicoot
brud brud	mouse
brud brud	rat
neitib ket	native cat
neitib ket	cat
neitib ket	native
bulugi	bull
bulugi	bullocks
bulugi	cattle
lilwan blanbo	flying squirrel
lilwan blanbo	sugar glider
lilwan blanbo	glider
lilwan blanbo	sugar
kamel	camel
beibi nenigout	baby goat
beibi nenigout	goat
mawus	rat
boiwan plein keinggurru	kangaroo
teil bla enimul	tail of animal
bogubain	echidna
smolwan ston keinggurru	euro
smolwan ston keinggurru	kangaroo
smolwan ston keinggurru	small stone
blekwan blanbo	black flying fox
blekwan blanbo	black
blekwan blanbo	flying fox
bogupain	echidna
bogupain	porcupine
gadi neil	echidna
bafalo	buffalo
redwan blanbo	black flying fox
redwan blanbo	black
redwan blanbo	flying fox
gadi wing	aeroplane
gadi wing	angel
gadi wing	flying fox
gelwan redwan keinggurru	kangaroo
bigwan blanbo	long-eared bat
bigwan blanbo	bat
bigwan blanbo	long-eared
lib la keib	rock wallaby
lib la keib	wallaby
posam la rok	possum
meit bla wanarr	possum
smolwan la keib	flying fox
smolwan la keib	small
plein keinggurru	red kangaroo
plein keinggurru	kangaroo
weks bla irriwul	earwax
top bla ni	kneecap
botampat bla fut	sole of foot
botampat bla fut	footsole
rib bon	rib
heya bla gabarra	hair of head
heya bla bodi	body hair
bundu bundu	pregnant
bundu bundu	round
kerrim	pregnant
kerrim	round
nomo gadem teist	tasteless
gadem teist	tasty
botampat	lower leg
botampat	shin
bekpat bla ni	back of knee
keib bla nos	nostril
burl burl	lungs
broginwan tus	broken tooth
broginwan tus	broken
broginwan tus	tooth
lilwan bingga	little finger
lilwan bingga	little
lilwan bingga	finger
midulwan bingga	middle finger
midulwan bingga	finger
midulwan bingga	middle
sowa	boil
sowa	big
sowa	sore
am	upper arm
am	arm
am	branch
am	upper
haipat	upper arm
haipat	arm
haipat	upper
aibrau	eyelash
aibrau	eyebrow
aipat	eyelash
aipat	eyebrow
fletwan la botam	pelvis
eingul	ankle
eingul	ankle bone
eingul	foot
abum sowa oloba	lame
rait am	right hand
rait bingga	right hand
milga	hip bone
milga	pelvic bone
fored	forehead
binga	index finger
binga	finger
binga	index
sinyus	sinew
sinyus	strength
sinyus	vein
hedkol	head cold
hedkol	runny nose
woda bla ai	tears
ampit	armpit
bleda	bladder
bleda	kidney
bleda	porcupine
blobeg heya	grey hair
blobeg heya	grey
blobeg heya	hair
milk snek	milk snake
fail snek	file snake
paibul snek	not poisonous
paibul snek	rock snake
wankain snek	rock snake
wankain snek	edible
wankain snek	redbelly
wankain snek	Children’s python
wankain snek	black spots
poisin snek	brown
shot nek dadul	tortoise
wipsnek	black
wipsnek	whip snake
grin gras	green grass
grin gras	grass
grin gras	green
yuway	yes
gadi smel	smell
bla main	my own
wankain gamtri	gum tree
wankain gamtri	river
wankain gamtri	eucalypt
wankain gamtri	whitebark
tok tok	talking
meikim nois	drone
meikim nois	howl
andanit	under
andanit	underneath
la bodam	underneath
saun kambek	echo back
raunwan wumara	spear thrower
raunwan laik spiya	spear thrower
brom wujei	where from
doa	door
doa	paperbark
doa	paperbark tree
haw	how
ardim jowa	chafe
wailmelin	vine
araun	around
araun	behind
keipok	kapok
adbala	strongly
hikap	hiccup
get seibd	saved
miau	miaow
nomo kin mub	ill
nomo kin mub	still
intit	tag question
prabli naitaim	at night
prabli naitaim	midnight
deigim la im	pick up
deigim la im	take
gibit la im	pick up
gibit la im	take
red hot ston	red hot
dongki singat	bray
wisling dak	black duck
wisling dak	duck
wisling dak	whistler
wisling dak	whistling
wisling dak	little
wisling dak	grebe
wisling dak	little grebe
gron	groan
faiya laitim	light
faiya laitim	smoke
laitim faiya	light
kilim fish	catch fish
godan bla fish	catch fish
singat brabli adbala	scream
wailbinana	banana
wailbinana	wild
pleibat la woda	play
weit bla sambodi	wait for
fraitin bla samting	be
fraitin	afraid
fraitin	frightened
peipabak tri	paperbark
peipabak tri	paperbark tree
wankain tri	tree-type
wankain tri	cotton tree
wankain tri	tree sp
wankain tri	geebung
baimbai	later
baimbai	long time
baimbai	later on
baimbai	soon
wankain	plant sp
wankain	Masked Owl
wankain	barn owl
wankain	boobook
wankain	heron
wankain	masked
wankain	plover
wankain	shrub
wankain	plant
wankain	succulent
wankain	bridled
wankain	tern
wankain	forest kingfisher
wulibaktri	stringybark
libum biyain	pass by
libum biyain	leave behind
peipibak	paperbark
peipibak	small
peipibak	young
wankain daga	fruit
wankain daga	round
wankain daga	tucker
wankain daga	reeds
wodawid	green
wodawid	weed
leidanlabat	lie down
leidanlabat	sleep
meigim dai	hit
meigim dai	kill
goran la seremoni	corroboree
gowat	go out
wankain pamtri	cabbage
wankain pamtri	palm
wispa	whisper
yegey	ouch
yagay	ouch
wankain priklitri	prickly
wankain priklitri	tree
hipdap	heap up
meigim strongwan	strong
igal	eagle
bloim nos	blow nose
wankain be:d	rails
wankain be:d	mistletoe bird
wankain be:d	babbler
wankain be:d	Brown
wankain be:d	honeyeater
wankain be:d	brush
wankain be:d	cuckoo
wankain be:d	bee-eater
wankain be:d	roller
wankain be:d	cockatiel
wankain be:d	rainbow bee-eater
wankain be:d	plover
wankain be:d	bittern
wankain be:d	rufous
wankain be:d	whistler
wankain be:d	tropic bird
wankain be:d	swallow
wankain be:d	warbler
wankain be:d	White-breasted Woodswallow
wankain be:d	white-winged triller
wankain be:d	Brush Cuckoo
meigim gudbala	explain
meigim gudbala	make good
gadi gula	angry
gadi gula	to be
bulugi roud	track
bush trek	track
enimul trek	track
solwoda tadul	saltwater
solwoda tadul	turtle
bewabe:d	bowerbird
bewabe:d	great
bewabe:d	great bowerbird
waitkarant	white currant
waitkarant	White
waitkarant	currant
waitkarant	white
blandim misalb	hide
blandim misalb	balance oneself
grinplam	green
grinplam	plum
go blekwan	darken
abdum	chase
heya belt	etc.
beibi imiyu	emu
wankain burdiflawa	Morrison
kaman futwok	walk up
kaman futwok	walk
wud bla faiya	fire
wud bla faiya	flame
wud bla faiya	light
peipabak kulaman	coolamon
smel gudbala	smell good
buj dilib	bush
buj dilib	tea leaf
giyaman la jambodi	joke
giyaman la jambodi	lie
laya la mi	joke
laya la mi	lie
giyaman	lie
giyaman	gammon
nomeda	like
nomeda	never mind
nomeda	no matter
nomeda	nothing
la frant la	this side of
disaid la	this side of
slipibala	be
slipibala	sleepy
slipiyai	be
slipiyai	sleepy
wandi silip	be
wandi silip	sleepy
dalim laya	lie
lilwan stik	branch
lilwan stik	twig
lilwan stik	shrub
lilwan stik	small
grinwan wadi	branch
grinwan wadi	twig
bigwan rili gras	spinifex
sidan jalgibala	be
sidan jalgibala	solemn
karajong	kurrajong
tudei na	now
tudei na	today
mun gudan	set
mun gudan	sun
san gudan	set
san gudan	sun
san gudan	go down
san gudan	shy
gadem sheim	ashamed
we:k	work
wankain perit	cockatiel
wankain perit	parrot
grinwan gras	green grass
abum blandi	have
abum blandi	plenty
jigiwan aligeida	crocodile
kren	heron
kren	White
kren	egret
dak dak	duck
kau tok	moo
hai ples	high place
praibitwan	belonging to
praibitwan	one’s own
displeis	here
displeis	this place
bladwud tri	bloodwood tree
gudwan bla dagat	edible
gadem loda teis	sugar
shadimap ai	blink
shadimap ai	close eyes
tharran bla im	own
filing wori	worry
spirrit bla pejin	feelings
gulijab la	close to
gulijab la	near to
meikim jamp	frighten
meikim jamp	make jump
blo nos	blow nose
meikim shabala	make sharp
meikim shabala	sharpen
sofwan beibi feja	down feathers
sofwan beibi feja	feathers
wankain wadul	wattle
detiwan peipabak	dirty
detiwan peipabak	paperbark tree
meigimbat spiya	make
raiful	gun
raiful	rifle
shotgan	gun
shotgan	rifle
blekbala beki	native
blekbala beki	tobacco
freshwoda tadul	fresh water
freshwoda tadul	turtle
wankain freshwoda tadul	fresh water
wankain freshwoda tadul	turtle
mekim hot	cook
mekim hot	make hot
go hot	cook
go hot	warm
burdiflawa be:d	friarbird
spit kamat	salivate
dakat brekfis	eat breakfast
bigwan pijin	Dove
gejim fish	catch fish
andimwe	chase
swearing we:d	a
swearing we:d	swearword
spit la im	spit out
pedulim	paddle
ledim go kolbala	feel cold
megm	copy
oldim la hen	hold in hand
jalg	poke
jalg	jab
bega	tobacco
jungungu	tobacco
bigmob waiya	wire
5-6-bala	wire
raunwan daga	round
pudum la top	hang
nest bla be:d	bed
nest bla be:d	bedroll
nest bla be:d	camp
buj gadi heya	bushes
buj gadi heya	furry
buj gadi heya	hairy
buj gadi heya	shady
shabal spiya	kill
shabal spiya	spear
shabal spiya	shovel-nosed
go wokabat	hunt
go wokabat	Togo
go wokabat	hunting
katim	cut
bluren	wrens
stretwan	good
stretwan	straight
gajim gadi hen	catch
gajim gadi hen	feel for
gajim gadi hen	hold in hand
gajim gadi hen	touch
kambek bumareing	boomerang
kambek bumareing	returning
hambag la	disturb
hambag la	worry
toktok	noise
toktok	talk
oldtaim tomiyok	axe
oldtaim tomiyok	traditional
snikap la	sneak up on
snikap la	stalk
singat adbala	scream
jalgim	pierce
jalgim	spear
audim faiya	put out fire
wankain wisling be:d	whistler
wankain wisling be:d	rufous
wankain wisling be:d	rufous whistler
eliganda	helicopter
wankain lilwan be:d	fairy
wankain lilwan be:d	warblers
post bla doa	door post
go la said	go alongside
dubala samkain gras	two kinds
spit foldan	dribble
shabal nos spiya	spear
waitwan burdiflawa	hibiscus
jing jing	suck breast
wailrais	rice
wailrais	wild
wailrais	wild rice
lugabdim	look after
lugabdim	shepherd
lugabdim	tend
lilwan lif	little
lilwan lif	leaf
lilbe:d	quail
gras kantri be:d	quail
lildak	little
lildak	duck
lildak	whistler
wisling	little
wisling	duck
wisling	whistler
longwan wadi	long
longwan wadi	yamstick
longwan yemstik	long
longwan yemstik	yamstick
longwan yemstik	fighting
longwan yemstik	stick
bla solwoda tri	long
bla solwoda tri	yamstick
bodl tri	bottle tree
waitwan gagadu	cockatoo
waitwan gagadu	white
waitwan gagadu	white cockatoo
waitwan gogi	cockatoo
waitwan gogi	white
waitwan gogi	white cockatoo
angindan	runny nose
blek karant	blackcurrant
wankain pijin	Dove
wankain pijin	pigeon
wankain pijin	Bar-shouldered Dove
dabulum misalb	curl up
peipabak hawus	rounded
peipabak hampi	rounded
spilim misalb	spill
godan la	go down to
godan la	throw down
tubeki	tobacco
neidib jumbago	native
neidib jumbago	tobacco
jirjirdok	pardalote
butjabe:d	butcherbird
wankain medsin	plant
skin gowei	shed skin
pulap yem	pull up
brekim	open
brokim	open
finish	stop
finish	finish
finish	finish up
prikliwan	vine
bak brom tri	bark of tree
la midul	halfway
la midul	in the middle
bigwan longwan naif	big
bigwan longwan naif	knife
bigwan longwan naif	long
splitim la binji	etc.
paip	pipe for smoking
bla smok	pipe for smoking
go akros	cross over
burrumin	fill
burrumin	put in
burrumin	throw in
shek	shiver
bigwan perit	parrot
bigwan perit	red-winged parrot
noth	north
bildimbat faiya	set fire
bildimbat faiya	set afire
lilwan lilwan buj	shrub
lilwan lilwan buj	small ground
gula jampap	angry
gula jampap	become
dirrwu	dive
dirrwu	dive in
dirrwu	jump
ardim	hurt
ardim	sick
sikbla	hurt
sikbla	sick
barn garri fiba	burn
draiwan wud	dry wood
dedwan lif	dry wood
gibit jik la	teasing
jigibala la	teasing
tisin	teasing
skatid	curly hair
skatid	tousled
goran goran	turn
goran goran	twist
mekim nois	make sound
mekim nois	sound
fulwan	full
meikim im hevi	make heavy
opinbala	open
opinbala	wide
oldentaim	early days
oldentaim	long time
blekdak	goose
blekdak	maned
meikim	build
meikim	make
baligal	Australian
baligal	pelican
bigwan braba perit	parrot
redwan wing	parrot
wankain buj	grevillea
wankain buj	bush
thikwan skrab	forest
thikwan skrab	scrub
thikwan skrab	thick
hantimwe	huntaway
hantimwe	chase away
jelas la im	be
jelas la im	jealous
lilirut	water lily
muduga	car
muduga	truck
tiyota	car
tiyota	truck
mug mug	mopoke
gro fetwan	fat
go plei	play
meigim smolwan	crumple
meigim smolwan	fold
meigim smolwan	roll up
thikwan temarin	tamarind
thikwan temarin	think
igalok	eagle
frog singat	croak
bulum adbala	pull hard
dumbat rongwei	do wrong
dumbat rongwei	wrong
lesi	sleepy
lukabdimbat	be kind to
maindimbat	be kind to
wailfaul	fowl
wailfaul	wild
barnim faiya	burn
ledim kol	cool
gadi shotwan nek	cormorant
stat go	set out
salki	jealous
salki	sulky
blobeg	white
alibala	early
git wail	angry
git wail	become
flot	float
flot	light
wankain wid	nardoo
wankain wid	weed
bandamis baskit	basket
net bla fishing	basket
kolbala pleis	cool place
nomo gadem faiya	cool place
raunbala	round
burrumap	erect
burrumap	put up
kol bla faiya	ashes
danaran	turn over
danim misalb	turn over
gadem riliwan lif	pale yellow
gadem riliwan lif	wattle
shel bla sneil	snail-shell
redwan kol	ashes
redwan kol	glowing
redwan ashis	ashes
redwan ashis	glowing
kisim	cuddle
kisim	kiss
kajolaim	cuddle
kajolaim	kiss
fuldan	born
fuldan	fall down
fuldan	to be
stonbe:d	koel
fulap	full up
fulap	to be
fulap	full
fulap	satiated
ariap	hurry
go kwik	hurry
taipan	taipan
swet gidap	perspire
swet gidap	sweat
aligeida	crocodile
aligeida	fresh water
aligeida	alligator
fresh woda	crocodile
fresh woda	fresh water
beikim	knead
beikim	squeeze
hit la hed	knead
hit la hed	squeeze
karrimat	carry
dayimap	tie up
winbrek	windbreak
weksimap	melt
katimap	rain
katimap	slice up
rein slaisim	rain
rein slaisim	slice up
im deya	that
im deya	that there
thirstibala	thirsty
thirstibala	to be
womim misalb	warm oneself
setat	arrive
setat	set out
imin stak	stuck
imin stak	to be
redwan o kolbala	charcoal
redwan o kolbala	coals
mak la samting	mark
rili wait	white
karrim	carry
wisling igal	eagle
wisling igal	whistling
wisling igal	kite
fishok	eagle
fishok	whistling
dargibuj	turkey bush
gadem redwan burdiflawa	turkey bush
bifwud	beefwood
ston eksed	axe
meikim dirrwu	throw in
diwaj	duck
lilwan dakdak	duck
flai flai	fly
dekimat ola sid	skin
gowe trabling	go
gowe trabling	go away
splitim	split
meigim hip	push in
majarim	mustering
mijalb kantri	alone
nisim	eject
nisim	lay egg
midap. midim	meet
midap. midim	meet up with
spiya hed	small stone
spiya hed	spearhead
braunkren	heron
wankain feja	feather
wudwan	wooden
bla jogim yem	wooden
shotwan yemstik	short
shotwan yemstik	yamstick
waitwan peint	whitewash
peipabak totj	firestick
peipabak totj	light
peipabak totj	torch
goap raitap la	go up to
goap raitap la	reach
baitim	bite
aionwud	ironwood
waitwan tri	tree
waitwan tri	white
laitwan kain tri	tree
lukarta	have
lukarta	look after
lukarta	mind
lilwan krela	little
lilwan krela	corella
lilkrela	little
lilkrela	corella
mengrob tri	mangrove tree
perit	parrot
perit	parrots
tok la im	talk to someone
drai stik	dry
drai buj	dry
karrimap la sholda	carry on shoulder
hedbend	headband
feja	feather
wulijeim dijan	like
wulijeim dijan	same
lilbit redwan buj	plant sp
lilbit redwan buj	reddish
gadem waitwan bak	eucalypt
gadem waitwan bak	gum tree
gadem waitwan bak	whitebark
album	help
hukspiya	hooked
hukspiya	spear
kinu pedul	canoe paddle
kipgon jalg	jab
laitwan jindiyindi	tree sp
wisling tri	she-oak
wisling tri	oak
la solwoda	she-oak
gudhanta	hunter
eksident	accident
danap	go back
danap	turn off
solwoda aligeida	crocodile
solwoda aligeida	salt water
kambiny	egg
ston tomiyok	little
ston tomiyok	axe
lilwan tomiok	little
lilwan tomiok	axe
baimbai yet	yet
baimbai yet	not yet
longtaim pasdam	long time ago
wankain lilwan peipabak	paperbark
leidan beliap	lie on back
ston spiya	spear
ston spiya	stone
linggu	big words
linggu	language
te:n	go
wakwak singat	caw
boilim det woda	churn up
warrab	flare up
spinifeks	spinifex grass
hukwan bumareing	boomerang
hukwan bumareing	hooked
holo la tri	cave
ston aben	oven
ajad	outside
propa	proper
propa	real
burdiflawa	flower
det taim	some time later
det taim	that time
harrap	above
harrap	higher up
brom deya	after that
brom deya	then
brom deya	from there
im deya gin	there
dijan iya	this here
lanswud.	lancewood
dijan pleis	here
iya gin	here
brom iya	from this
brom dijan	from this
kabadap	rub
jamp jamp	jiggle
jamp jamp	wobble
mubabat	jiggle
mubabat	wobble
barrik	paddock
badik	paddock
bigwan tomiyok	axe
bigwan tomiyok	big
lilistem	young
droim	draw
meigim misalb strong	balance oneself
faindim trek	balance oneself
balikan	pelican
brekimap	smash
krol krol	crawl
eni kain bumareing	boomerang
brogim	break
fletwan wumara	flat
fletwan wumara	woomera
abum fan	fun
abum fan	have
milksneik	milk snake
karrijong	kurrajong
pleiwan spiya	spear
gowat hanting	Togo
gowat hanting	hunting
lilwan lilwan stik	plant
lilwan lilwan stik	small
slipri	slippery
airrap	higher up
airrap	up
dijei la tap	above
dijei la tap	straight up
fulmun	be on top
fulmun	full moon
fulmun	new moon
antap	be on top
antap	full moon
antap	new moon
shiftim misalb	move
snikap la samting	sneak up on
snikawei	sneak away
mun kamap	moonrise
kalimap	moonrise
meigim leidan lagijat	face down
go fishin	go fishing
jagim fishinlain	go fishing
diginstik	yamstick
wadi bla yem	yamstick
bla digimat	yamstick
twistiwan	twisted hair
solwoda be:d	bridled
solwoda be:d	tern
kan wok	weak
meigim goin	enter
wankain longwan gras	grass
nek bla be:d	neck
im twistim	twirl
im twistim	twist
finishimap	finish
finishimap	finish up
binijap	finish
binijap	finish up
daga bla be:d	bird food
daga bla be:d	type of
gilinim	clean
trai gin	say again
trai gin	try
jidan kwaitbala	sit quietly
lirri-lirri	tree sp
brom tharrei	over there
anyan	onion
anyan	poisonous
kaliku	tent
im jarre	that way
bulumat burrum faya	get
letim go slipriwan	drop
letim go slipriwan	let slip
lilwan gras lisad	skink
grajim mijalb	scratch oneself
kerisinwud	kerosene wood
kerisinwud	milk tree
hendl bla eks	axe handle
woking stik	walking stick
nomo gadem waiya	spear
spirim	pierce
spirim	spear
jalg la	pierce
jalg la	spear
rostim la aben	cook
mekim jigibala	cheeky
munanga eks	axe
munanga eks	steel
piteta	potato
piteta	wild yam
jiginok	firebird
gopas	pass by
tadulok	firebird
kwaitok	firebird
lilbit longwei	close up
irrim mijalb	feel
filim mijalb	feel
gabarrumap	cover
jotkat	shortcut
buldan la	trip
buldan la	tumble
tamblim	trip
tamblim	tumble
gerd gerd la	trip
gerd gerd la	tumble
krol kriol	crawl
tusek	toothache
digulwan	ticklish
brokin tus	broken
brokin tus	tooth
bla burdiflawa	stamens
mekim sikbala	no good
maindim mijalb	balance
maindim mijalb	wobble
kroba	crowbar
jogum la wada	soak in water
alta	money
danim la ston	become
go olijem ston	become
nala nala	fighting
nala nala	stick
stik bla fait	fighting
stik bla fait	stick
la lid	ahead
la lid	in the lead
go lida	lead
go lalid	lead
jigiaul	boobook
wan dei bifo	before
wan dei bifo	the day before
shekim	shake
bla wajim	soap
blekplam	black
blekplam	plum
liligal	kite
sorri	feel
sorri	sorry
dringkim	drink
gem	meat
shotwan naif	knife
shotwan naif	short
garrapas	kerosene wood
garrapas	milk tree
