meaning	kriol	english_gloss
19637792	Triniti	movie type
19637560	kipamap	maintain standard
27961335	olgamen	adult female human being
19636090	weist	expend unprofitably
19639510	weist	spill accidentally
27858783	biliken	lightweight pot
27880399	drangkinmen	habitual drinker
27881193	bogibain	any of the four species of small spined monotremes
27882353	emiyu	A large flightless bird, ''Dromaius novaehollandiae''
27913699	motha	female (human) who parents a child, gives birth to a baby, or is pregnant
27922353	baligan	any of various seabirds of the family Pelecanidae
27941819	jinek	legless reptile
19639275	Balang	skin group
19639731	Balang	male sub-section
19639276	Bangardi	skin group
19639732	Bangardi	male sub-section
19639277	Bangarn	skin group
19639722	Bangarn	female sub-section
19639280	Bulain	skin group
19639733	Bulain	male sub-section
19639281	Bulainjan	skin group
19639725	Bulainjan	female sub-section
19639282	Galijan	skin group
19639726	Galijan	female sub-section
19639283	Gamain	skin group
19639727	Gamain	female sub-section
19639284	Gamarrang	skin group
19639734	Gamarrang	male sub-section
19639285	Gela	skin group
19639735	Gela	male sub-section
19639286	Gojan	skin group
19639728	Gojan	female sub-section
19639287	Gojok	skin group
19639736	Gojok	male sub-section
19639288	Ngarrij	skin group
19639737	Ngarrij	male sub-section
19637243	Nyuginiwed	Kriol word
19634546	Oma	Arab (in long robes)
37561279	Seitin	Satan or ghost
19639290	Wamut	skin group
19639738	Wamut	male sub-section
19639291	Wamutjan	skin group
19639730	Wamutjan	female sub-section
19640804	Yulngumatha	Yolngumatha
37562610	ailibala	first sun
19635132	ampiwan	bumpy thing
37563310	anginap	to be caught
19639749	anowat	suggestion from speaker
19638920	babolo	sand lion
19638921	badibadi	sand lion
19635118	bafulohol	buffalo hole
19634962	bagkinu	bark boat
19636285	baibul brim	Norman River grunter
19636285	baibul brim	Norman River grunter (fish species)
37561556	baibul brim	piebald bream
37564183	baibul brim	black or piebald
19639387	baibul sineik	rock snake (snake species)
19634984	baibulbuk	Bible book
19639384	bailsineik	file snake (snake species)
37562170	bak	bark (dog)
19636960	bakjamba	bucking horse
37561836	balgin	bitter (taste)
37561836	balgin	dangerous or savage (of animals and crocodiles)
37561836	balgin	dangerous or savage
37561836	balgin	brackish (water)
19639888	balginti	unsweetened tea
19634864	baligin	pelican (bird species)
19635776	bambu	didjeridoo
19638315	bambu	tree (bamboo plant species)
37561239	bambu	didjeridu
19635777	bambumen	didjeridoo player
19638296	bandamis	pandanus palm (plant species)
19639386	bandiyan	snake species: king brown, python, taipan
37561061	bandiyan	bigger head python
37561061	bandiyan	poisonous; taipan
37562253	bandiyan	snake : King brown
37563173	bandiyan	bigger head python (poisonous)
19636104	bangai	infected eye
19638121	banigin	panikin
37561503	banji	wife’s sister?
37563433	banji	sister-in-law (wife’s sister)
37563818	banjim	punch (with fist)
19638252	banksia	banksia (plant species)
19635136	banyip	bunyip
19634790	bardigindak	Burdekin duck (bird species)
37562591	bardigindak	Burdekin
19634830	bawabe:d	great bower bird (bird species)
27943355	barragarl	long stick with a sharp tip
19636264	barramandi	barramundi (fish species)
19634785	barrolga	brolga (bird species)
37563043	basdam	long time (ago)
37562674	baskit	cooliman made from paperbark
37563322	bastim	snap something
37563322	bastim	break by pulling
19636352	bastimap klaud	fly in aeroplane
19640366	bastindap	made useless
19638267	batju	bush potato
19638267	batju	bush potato (plant species)
19640205	bayastik tri	(Clerendendrum cunninghami?) used for making fire sticks. (tree species)
37562899	be:d	bird (generic)
37564280	be:d	Masked Plover
19640219	bebak	paperbark (tree species)
27859074	bed	animal
37561167	bed	antlion’s pit
37562762	bed	nest of bird
37562101	bedkol	nasal snot
37562173	bedkol	cold in the head
37562559	bedkol	snot mucus
19636332	beingk	of river flood
19636333	beingkap	of river flood
19636331	beingkimap	cause to flood
19634653	beingksaid	bank (of a river)
37562052	bekbon	back (of body)
37562078	bekpat	hollow at back or base of skull
37562579	bekpat	hollow at back at base of skull
19634661	bektais	get baptised
19638746	bekweds	in reverse direction
19640206	beldri	corkwood (tree species)
19639278	beleinjan	skin group
19639723	beleinjan	female sub-section
37561642	beli	outside of stomach
37564217	beli	stomach (outside)
19639279	beling	skin group
19639724	beling	female sub-section
19638776	belring	of bell ring
19634449	bendigut	bandicoot (animal species)
27856434	bendigut	small marsupial
19634652	bengk	bank for money
19634654	bengk	bank of a watercourse
19640200	bengsiya	banksia (tree species)
37563213	bengsiya	ordinary sp.
37561771	berdiberdi	species of bird
19634451	bet	bat (animal species)
19638254	biligut plam	billygoat plum (plant species)
37561210	bi	both Italian and native
37562537	bi	Italian and native; flies
19634780	bibok	beef hawk
19634780	bibok	beef hawk (bird species)
19637072	bidul	bush fly
19637072	bidul	bush fly (insect species)
27910947	bif	animal flesh used as food
19634865	bijin	pigeon (bird species)
19634822	bijok	fish hawk (bird species)
37562242	bildimap	be; be built up
19640589	bingga	front wheels
37562057	bingga	elbow to wrist
37562062	bingga	arm (all)
37563508	bingga	lower (elbow to wrist)
37563522	bingga	arm : lower
37561643	binji	stomach (inside part)
37564221	binji	stomach : inside part
19637309	birlal	water lily leaf
19634889	birridak	wood duck (bird species)
37563606	birridak	Duck : Wood Duck
19638255	bladwud	black bloodwood tree
19638255	bladwud	black bloodwood tree (plant species)
19634490	blaing skwirrel	sugar glider (animal species)
19634938	blak	block of land
19634468	blanbo	flying fox (animal species)
37561638	blanbo	(red) flying fox
37561966	blanbo	small flying fox
37561966	blanbo	lives in cave
37562443	blandim	hide (something/someone)
19640647	blanga hu	whose (question)
19640650	blanga wanim	why (question)
19638691	blangit lijad	frilled neck lizard
19638691	blangit lijad	frilled neck lizard (reptile species)
19640648	blau	whose (question)
19634872	blek krela	red-tailed black cockatoo (bird species)
37563001	blek krela	Red-tailed and Palm
37564382	blek krela	Red-tailed cockatoo
37564382	blek krela	Palm Cockatoo
19638256	blek plam	black currant (plant species)
19638260	blekbat	blackbutt tree
19638260	blekbat	blackbutt tree (plant species)
37562295	blekbat	shady tree
19638310	blekberi	tree plant species
19636266	blekbrim	black bream (fish species)
37562412	blekbrim	bream : black
19634912	blekdoa	black door
19639382	blekhed sneik	black-headed python (snake species)
19638257	blekkaran	black currant (plant species)
19639891	blekti	weak black tea
37561537	blekwan	toothless catfish
37561570	blekwan	crayfish sp. short and black
37563441	blekwan	crayfish sp. : short and black
37563806	blekwan	catfish - toothless
19638710	blenggid irriwul	lizard (frilled neck reptile species)
19638692	blengid lijid	frilled neck lizard
19638692	blengid lijid	frilled neck lizard (reptile species)
19639126	blomapblomap	shoot up drugs
19634947	blombat	blow (didgeridoo)
19634948	blowum	blow (of wind)
19634831	blu kren	great-billed and white-necked herons (mangrove herons) (bird species)
19638707	bludang	lizard (blue tongue reptile species)
27860151	bludang	any of several species of skink
19636095	bobala	expression of empathy
37561600	bobala	expression of nostalgia
37561600	bobala	self-pity etc.
37561675	bodam	down (river)
19634465	bogabain	echidna (animal species)
37563478	bogabain	echidna (porcupine)
37562292	bogi	play (in water)
37561381	bogi graun	soaked ground
37561516	boi	woman’s son
37561516	boi	man’s sister’s son
37561529	boi	woman’s child
37561529	boi	man’s sister’s child
37562398	boi	daughter of woman or of a man’s sister
19634668	boi binji	barren womb
37562100	boil	big boil
37563182	boilap	bubble up (of spring)
19635069	boimilk	underdeveloped breast
19636888	bojiwan	hippie-like
19638282	bololo	fruit (plant species)
19636268	bonbij	bony bream (fish species)
19636277	bonbij	eel (fish species)
19636267	bonpis	bone fish (fish species)
19638355	borlorlo	wild passionfruit (plant species)
37561913	bosmen	boss man
19634599	brabawan domiauk	steel axe
19638939	brabli	expression of satisfaction
19637221	bratha	kinship term
37563196	breigim	break?
37563291	breigim	bust with hand (as egg)
37563291	breigim	bust with hand
37563291	breigim	break with hand
37563322	breigim	snap something
37563322	breigim	break by pulling
37561256	brend	to put a mark
37563488	brendim	cut (oneself)
19637816	brengija	mutual friends
19636269	brim	bream (fish species)
37561566	brim	young barramundi
19634786	brolga	brolga (bird species)
19634874	brolga	sarus crane (bird species)
27862093	brolga	an Australian crane
37564140	brolga	Brolga and Sarus Crane
19634450	brudbrud	bandicoot (animal species)
19634484	brudbrud	mouse (animal species)
27856434	brudbrud	small marsupial
27913862	brudbrud	rodent of the genus ''Mus''
19636382	budeik	footache
19634792	bujabe:d	butcher bird (bird species)
19634848	bujabe:d	magpie (bird species)
37564237	bujabe:d	Butchers Bird
37561775	bujigat	native cat (totem)
19635130	bulak weigan	bullock wagon
19638275	bulangkanga	currant (white plant species)
37563924	bulap binji	satiated with food
19635129	buldas	bulldust
19638101	buligi rod	cattle pad
19635264	bulketjing	bull catching
19638708	buludang	lizard (blue tongue reptile species)
37561065	buludang	in trees
37562127	buludang	blue tongued lizard Tuligua scincoides
37562575	buludang	blue-tongued
37564092	bulumat	pull something away from someone
37564092	bulumwei	pull something away from someone
19638289	bulwadi	lancewood-like tree
19638289	bulwadi	lancewood-like tree (plant species)
37563718	bulwadi	bull waddy
19634615	bumbumwei	to or past backside
19639014	bundin	water lily seed
19635561	bunggul	non-sacred corroboree
27943355	burdagul	long stick with a sharp tip
19634862	burdiperit	parrot (small green bird species)
37562384	burdiperit	parrot : green parrot
19636373	bus daga	bush food
19638356	bush purteida	yam (plant species)
19634505	bushmen	untamed animal
19638187	bushmen	uncivilised person
19638077	butbolgran	playing oval
19634340	butek	foot ache
19634793	butjabed	butcher bird (bird species)
19634810	dab	dove (bird species)
19634866	dab	pigeon (bird species)
19640744	dabul tok	reduplicated word
19635640	dabulum	cross limb
19636160	dadi	father’s brothers
37561069	dadiwan	really big crocodile
37561069	dadiwan	’father one’
37563933	dadiwan	really big
37562622	dagat	enjoy eating
19634805	daibadak	cormorant (bird species)
19634807	daibadak	darter (bird species)
37563169	daibadak	Pied or Little Black
19634813	daibindak	duck type
19634813	daibindak	duck type (bird species)
19634811	dak	duck (bird species)
19634812	dakdak	duck (bird species)
37563361	dakdak	Grebe : Australian Little
37563361	dakdak	and Hoary-headed
37562179	dalim	speak (to someone)
19636278	dalmidalmi	eel (fish species)
19638694	danda	gecko (reptile species)
37561136	danda	gecko; lizard; yellow lizard
37561136	danda	gecko; blanket lizard
37562354	danda	lizard sp.
37562354	danda	poss. gecko
37562354	danda	or blanket lizard
37563225	danim	turn (something) over
37562481	danimran	turn something around
37563225	danimran	turn (something) over
37563999	dastim	take out from fire
37563999	dastim	sweep dust away
19639383	debada	death adder (snake species)
19635769	debul aiwei	devil’s highway
19637085	debul debul	praying mantis (insect species)
19640275	definimap	turn up sound
37563446	deigimap	take up : take something up
37564070	deigimat	take out from the fire
37564070	deigimat	remove from fire
19634448	derribang	trepang (animal (sea) species)
19634448	derribang	trepang (animal species)
37562419	detlot	that lot
19634915	dibul kila	wild blackfellow
19634778	dibulbe:d	bat-eared cuckoo
19634778	dibulbe:d	bat-eared cuckoo (bird species)
37562652	dibulbe:d	Bat-eared
19634779	dibuldibul	bat-eared cuckoo
19634779	dibuldibul	bat-eared cuckoo (bird species)
19637086	dibuldibul	praying mantis (insect species)
37562652	dibuldibul	Bat-eared
19634844	didibaba	large waders
19634844	didibaba	large waders (bird species)
19634846	didibaba	lotus bird (bird species)
37563332	didibaba	Large Waders
37562809	digim	poke around for
37563313	digim	dig (for yams)
19640035	dijaidwan	this side one
19636614	dijan	really good
37563728	dijan	this (fem.)
19635778	dijaridu	didjeridu
19636615	dijawei	really good
27897245	dijei	to here
19638311	dilyarr	tree (plant species)
19634469	dinga	flying fox (animal species)
19634457	dinggo	dingo (animal species)
27877764	dinggo	wild dog native to Australia
37561916	dinggo	greyhound dog
37561916	dinggo	like greyhound
19636616	dinjimap	really good
19634845	dirdibawuba	large waders
19634845	dirdibawuba	large waders (bird species)
19634847	dirdibawuba	lotus bird (bird species)
37563332	dirdibawuba	Large Waders
19634782	diwait	black duck (bird species)
19635698	diya	dangerous (ceromony)
19637023	diya	important (ceremony)
27879156	dog	animal
19639543	dojim	spotlight; shine a torch on
19637649	doktabala	male medical worker
37561868	doktabala	the clever man
19636497	doldol	knife game
19638273	doldol	cucumber (plant species)
19634480	donkenggarru	kangaroo (stone animal species)
19634475	drafhos	horse (draft animal species)
19640411	drafhos weigan	draft horse wagon
37563844	drai	dry out in sun (lilyseed, etc.)
37561652	draibim	drive (a car)
37564084	draibim	take fast (running, driving)
37564084	draibim	take fast
37564085	draibim	drive (someone)
37562229	draun	be covered in water
37562230	draundim	drown someone/something
19637077	dregin flai	dragon fly (red tail) (insect species)
19637607	dreit wei	right marriage
19637606	dreitbala	right marriage partner
19637608	dreitbalawei	right marriage
19639319	drimtaim	sleeping time
19639983	dubala	them two
19640002	dubala	they two
19640280	dubob	twenty cents
19634698	dumajim	because he
19638286	dunda	grass (plant species)
19638283	dupal	fruit (plant species)
37561466	dyu	stratus at ground level
19635986	egpat	egg-like part
37561190	egpat	’eye’ of sugarbag
37561190	egpat	sugarbag honeycomb
37562169	egpat	honeycomb : its ’eye’
19634818	egret	egret (bird species)
19634366	ei	agreed (question)
19635548	ei	correct (question)
27881513	eig	body housing an embryo
19637121	eindit	isn’t it (question)
19637073	elifan bibi	caterpillar (insect species)
37561162	enbed	ant hill of termites or ordinary ants
19636011	endimap	bring to an end
37561103	enikain	all kinds of frogs
37562899	enikain	bird (generic)
19640836	enimul leidi	zoo keeper (female)
19639385	failsinik	file snake (snake species)
37562486	faiya	forewood
37562529	faiyastik	i.e. burning or glowing stick from fire
37563187	faiyastik	fire stick tree or implement
19636117	feyago	fair go
19636198	fidlingran	fiddling around
19638281	fig	fig (plant species)
37562315	filimap	fill (billy) with (sugarbag)
37562321	fishnet	net for fishing
37561753	fladwoda	moving water
19637067	flai	insect (generic)
19637079	flai	fly (insect species)
37561210	flai	both Italian and native
37562537	flai	Italian and native; flies
37563034	flai	fly (bird, plane)
19634470	flain foks	flying fox (animal species)
27888257	flain foks	bat of the genera ''Pteropus'' or ''Acerodon''
19640158	flikim	toss (a coin)
37561466	fog	stratus at ground level
19636425	fowiktaim	in four weeks time
19636452	fraitbalawei	in a frightened manner
19636453	fraitinbala	frightened person
19636446	frengija	mutual friends
19638659	frij	refigerator
37561099	frog	frog (generic)
37561103	frog	all kinds of frogs
19636181	futwet	get wet feet
19635734	ga	defacate
19638695	gabalili	gecko (reptile species)
19638705	gabalili	lizard (reptile species)
19638714	gabalili	skink (reptile species)
37562815	gabarrimap	sprinkle something over
19638855	gabijdin	rubbish tin
19637630	gabo	may (question)
19637074	gadabila	caterpillar (insect species)
19634798	gagadu	cockatoo (bird species)
19639784	gajak	swear word
37563336	gajim	get seeds
37563999	gajim	take out from fire
37563999	gajim	sweep dust away
19638761	galapinran	ride horse round
37563447	galimap	climb (a hill)
37563607	gam	gum off Terminalia sp. tree
19634990	gambek bumareng	returning boomerang
19638711	gamwarra	lizard (large reptile species)
19640201	gangabarri tri	black currant (tree species)
19640202	gangabarri tri	black plum (tree species)
37563448	ganjal	break with teeth
19640217	garabas	milkwood (tree species)
19636098	gardi	expression of mild surprise or horror
19636047	gardiyawei	European type
19636046	garria	European male
19637909	garria	non-Aboriginal
19639785	gatja	swear word
37562787	gejim	catch (fish, etc.)
37562787	gejim	feel for (it)
19636866	gejimap	go high
19638696	geko	gecko (reptile species)
27961335	gel	adult female human being
37561479	gel	woman’s daughter
37561479	gel	man’s sister’s daughter
37561529	gel	woman’s child
37561529	gel	man’s sister’s child
37562398	gel	daughter of woman or of a man’s sister
37563732	gel	daugher of woman
37563732	gel	or of sister of a man
19634826	gela	galah (bird species)
19636096	gen	expression of error
19636092	genwo	expression of agreement
19634827	gila	galah (bird species)
19636567	gimi	give to me
19634461	ginggong ginggong	donkey (animal species)
27879368	ginggong ginggong	a domestic animal
19636186	girria	European female
19636187	girria	non-Aboriginal female
19640677	gitjaj	get wild
37563447	goap	climb (a hill)
37563863	goat	come out (baw-najini)
37563067	godan	set (of sun)
19634799	gogi	cockatoo (bird species)
19635622	gogi	crest of bird
37561360	goj	rock outcrops
37561387	goj	big gorge
19634800	gokidu	cockatoo (bird species)
19636485	gona	future marker
19638699	gowena	goanna (reptile species)
19638712	gowena	lizard (large edible reptile species)
19637075	grab	caterpillar (insect species)
19637084	grab	grub (insect species)
37561197	grab	curl grub - lava of Black beetle
37563566	grab	curl grub
37563313	grajim	dig (for yams)
37563770	grajim	poke something in to make hole
19637082	grajopa	grasshopper (insect species)
37561151	grajopa	grasshopper (ordinary)
37561164	grajopa	also red dragonfly
37562704	grajopa	red dragonfly
37562459	gras	grass (generic)
19634498	gras wolabi	wallaby (agile animal species)
19634503	gras wolabi	wallaby (sandy animal species)
37561935	gras wolabi	grass wallaby
19637083	grashopa	grasshopper (insect species)
37561149	grashopa	Mountain grasshopper
19636638	greid	grade (school)
19634458	greihaun dog	dingo (animal species)
19634471	greihaun dog	greyhound type
19634471	greihaun dog	greyhound type (animal species)
37561916	greihaun dog	greyhound dog
37561916	greihaun dog	like greyhound
19638285	greip	grapes (plant species)
37564031	grenfatha	grandfather - father’s father
37561528	greni	step-grandchild
37564152	greni	grandmother - mother’s mother
37561515	grensan	woman’s daughter’s son
37561527	grensan	woman’s daughter’s child
37562500	grensan	woman’s daugher’s
19640212	grin plam	green plum (tree species)
19636279	gropa	groper (fish species)
19636094	gudjob	expression of approval
19636097	gudnait	expression of greeting
19637248	gugunja	lamb chops
19636270	gulamajarri	catfish (fish species)
19640223	gulamarra	with spikes
19640223	gulamarra	with spikes (tree species)
19640221	gulbuntri	Vicks smell
19640221	gulbuntri	Vicks smell (tree species)
19636374	gulibidamba	bush food
37564066	gulijap	a little way away
19640222	gulukguluk	Vicks smell
19640222	gulukguluk	Vicks smell (tree species)
19637653	gulutgulun	medicine type
19640203	gundarl	black plum (tree species)
19634494	gundie	wallaby (animal species)
19634478	gurdibu	kangaroo (plains animal species)
19634787	gurranda	brolga (bird species)
19634828	gus	goose (bird species)
19634850	gus	magpie goose (bird species)
37562962	gus	Magpie or Pied
37564357	gus	Magpie or Pied Goose
19638269	gusaba	cassava (plant species)
19638284	gusbri	gooseberry (wild plant species)
37563562	gwei	leave. go away
19638700	gwena	goanna (reptile species)
37561059	gwena	large brownish red goanna
37561059	gwena	"3-4"" (7.5-10 cm) wide or smaller"
37561059	gwena	in hill or stone country (tablelands)
37563777	gwena	large brownish-red
37563777	gwena	in hill/stone country
19636734	hafwan	half portion
37563212	hafwei	half way up
37561615	hambag	be constantly angry
37562358	hambag	be a nuisance (of children)
19636987	hampibekmen	humpbacked man
37563516	hatjamp	get shcok
19636761	hengdei	hanging day
37562337	hidim	hit or kill
37562337	hidim	(with spear, gun, hand, etc.)
37562042	hipbon	back part of pelvis
37562045	hipbon	hip bone : coccyx
37562895	hipbon	black part
19636906	hitimdan	hit down
19636921	holologwan	having a cylindrical hole
37561928	hon	horn (of bullock)
27960575	hu	who? (interrogative pronoun)
37562387	huk	fishing line or hook
19634989	huk bumareing	hook boomerang
37562622	idim	enjoy eating
19634814	igul	eagle (bird species)
19634832	igul	hawk (bird species)
19634815	igulok	eagle (bird species)
19634833	igulok	hawk (bird species)
19639973	imdubala	theirs (of two)
19639984	imdubala	them two
19640003	imdubala	they two
19634819	imiyu	emu (bird species)
27882353	imiyu	A large flightless bird, ''Dromaius novaehollandiae''
19640209	imiyu daga	emu food
19640209	imiyu daga	emu food (tree species)
37564017	imiyu daga	Kerosene Tree
37564017	imiyu daga	emu tucker
19639381	imiyu sneik	bites emus
19639381	imiyu sneik	bites emus (snake species)
19637120	indit	isn’t it (question)
19636265	jalgibij	barramundi (young fish species)
19634837	jabiru	jabiru (bird species)
37563149	jabiru	Red-legged
19634456	jabo	cat (native animal species)
19639952	jadawat	that is what
37562710	jadimap	shut (gate)
19639415	jagadi	soft (of lily seed)
37563359	jagimin	throw in (to water)
19639416	jagirri	soft (of lily seed)
19639885	jainati	strong black tea
19638884	jakim	sack (from job)
19639962	jaldu	that’ll do
19638297	jalimadawuk	passionfruit (plant species)
37562809	jalk	poke around for
19639889	janadi	unsweetened tea
19639498	jandim	speed (in a car)
37562173	janurr	cold in the head
19639607	jaojao	water lily stem
37562646	jari	feel worried
37564044	jarran	that (one)
19640615	jas	for a short while
19636017	je:min	enemy soldiers
19635303	jeinj	change (money)
19634463	jek dongki	donkey (male animal species)
19636016	jemani	enemy (armed forces)
37563570	jidaning	sit : be sitting down
19634869	jididi	quail (bird species)
37561111	jigi	poison snake
37561111	jigi	long one
37561111	jigi	same colour as bandiyan
37561111	jigi	poisonous/dangerous
37561124	jigi	salt water crocodile (dangerous)
37562946	jigi	brown like bandiyan
37563595	jigi	salt water (dangerous)
19634854	jigi aul	owl (barn bird species)
19634855	jigi aul	owl (boobook bird species)
19634856	jigi aul	owl (masked bird species)
37562382	jigi aul	Owl : Barking
19638360	jigi yem	yam (cheeky plant species)
37561178	jigibala	little black ants
37561836	jigibala	bitter (taste)
37561836	jigibala	dangerous or savage (of animals and crocodiles)
37561836	jigibala	dangerous or savage
37561836	jigibala	brackish (water)
19638172	jiginin	be penetrating
19639621	jiginin	be sticking in
37561185	jigiwan	Mottled cup moth caterpillar
37561185	jigiwan	with yellow stings
37562602	jigiwan	caterpiller
37562602	jigiwan	Mottled cup moth
19634795	jikin	chicken (bird species)
19634835	jikinok	hawk (brown goshawk bird species)
19634836	jikinok	hawk (collared sparrowhawk bird species)
37563334	jikinok	hawk : Collared sparrowhawk
37564064	jikinok	hawk : ’kite hawk’
37562167	jingat	echo of engine a fair way off
37562666	jingat	howl (dingo)
37562666	jingat	drone (plane)
37562667	jingat	whimper (of dog)
37563946	jingat	call out (to)
37563946	jingat	wave (with murrji)
19639242	jingating	singing out
19634666	jingginat	bark (of dog)
19639243	jinginat	singing out
19638258	jingulili	blackberry (plant species)
19634462	jini dongki	donkey (female animal species)
19636550	jinjabred boi	gingerbread boy
19636292	jinma	shark (fish species)
27950101	jinuj	tough band of inelastic fibrous tissue that connects a muscle with its bony attachment
19638889	jipa	not very sacred
37563202	jogim	press with hand
37563281	jogim	knead (dough)
19639580	jojpan	star constellation: Orion’s belt and scabbard
19639581	jojpan	the star constellation: Saucepan
19638253	jotmoa	berry (orange plant species)
37562015	jik	cheek (of face)
19636280	jubij	jewfish (fish species)
37561830	juga	lots of taste
19637069	jugabeg blai	bee (native insect species)
19638322	jugalib	tree (Eucalyptus aspera plant species)
19634464	jugong	dugong (animal species)
19634796	jukjuk	chicken (bird species)
19634797	jukjuk	cock (bird species)
19634809	jukjuk	domestic fowl (bird species)
19640199	julugan	banana (wild tree species)
37562043	jululuma	umbilica
19638261	jupi	blackcurrant (plant species)
19638262	jutbi	blackcurrant (plant species)
37562296	juwum	gnaw. bite off
19639457	kaji	Jabiru sound
37563279	kadim	be chopping
19637791	kafu pija	kung-fu movie
19638346	kaiyabam	tree (wild orange plant species)
37561503	kajin	wife’s sister?
37563433	kajin	sister-in-law (wife’s sister)
37563967	kaka	make shit
19638701	kakaji	goanna (reptile species)
19639458	kalini	Jabiru sound
37563066	kamap	come up (of sun)
37563863	kamat	come out (baw-najini)
19640102	kambektaim	time to return
19638361	kangurri	yam (long plant species)
19639459	kanor	Jabiru sound
19635059	kapardi	mid-work break
19638274	karant	currant (plant species)
19635237	kardlaba	card-lover
19634803	karrakkarrak	comorant
19634803	karrakkarrak	comorant (bird species)
19634808	karrakkarrak	darter (bird species)
19638324	karrijong tri	tree (kurrajong plant species)
19640204	kasgara	cascara tree species
19638321	kastad epul	tree (custard apple plant species)
37561185	katapila	Mottled cup moth caterpillar
37561185	katapila	with yellow stings
37562602	katapila	caterpiller
37562602	katapila	Mottled cup moth
19638617	kayay	be randy
37563689	keib	hole in tree
19634476	keingurru	kangaroo (animal species)
19634495	keingurru	wallaby (animal species)
27904140	keingurru	marsupial
19638266	keipok tri	bush (kapok plant species)
37561167	kemp	antlion’s pit
19634454	kemul	camel (animal species)
19639460	kerluk	Jabiru sound
19640213	kerosinwud tri	hakea (tree species)
19640216	kerosinwud tri	kerosene-wood (tree species)
37563347	kerosinwud tri	rough barked Hakea
19636271	ketfis	catfish (fish species)
19636289	ketfis	saratoda
19636289	ketfis	saratoda (fish species)
19636291	ketfis	Scleropages jardini
19636291	ketfis	Scleropages jardini (fish species)
37562487	kidni	from stone country
37564108	kikim	kick (someone/something)
37562337	kilim	hit or kill
37562337	kilim	(with spear, gun, hand, etc.)
37563133	kilim	hit (beat time)
37563244	kilim	slap or thump legs
19634308	kilinpleis	abbattoir
19638717	kingbraun	snake (king brown reptile species)
19634824	kingfisa	flycatcher (restless bird species)
19634838	kingfisa	kingfisher (bird species)
37562858	kingfisa	Kingfisher : Forest
19636696	kipum la binji	bear grudge
37561752	klei	ordinary clay
37561752	klei	not red or white
37563451	klei	ordinary (not red or white)
37561793	klinwan	no dust
37564038	klinwan	without dust
19639461	klok	Jabiru sound
37562620	klosim	shut (a door)
19636855	koiyokoiyo	hey look
19634859	koki	parrot (bird species)
19638320	kokwud tri	tree (corkwood plant species)
37563316	kol	hot or cold
19635941	koltaim	dry seaon
37563657	kolum	sing a corroboree
19635562	krabri	corroborree
37562288	krai	scream (parrot?)
19635608	kraulinbalawei	crawlingly
19636275	kreb	crab (fish species)
19636276	kreibij	crayfish (fish species)
19636297	kreibij	yabby (fish species)
37562734	krein	? and White-faced
19634801	krela	cockatoo (sulphur-crested bird species)
19634802	krela	cockatoo (white bird species)
19634804	krela	corella (bird species)
37562244	krela	White or Sulphur-Crested
27873491	kro	any bird of the genus ''Corvus''
19638689	krokadail	crocodile (reptile species)
37561653	krol	go on hands and knees
37562975	krosim	cross over (something)
19634788	kudarrgu	brolga (bird species)
19634842	kukubarra	kookaburra (bird species)
37563185	kukum	cook (general)
37562681	kulaman	make (a coolamon or spear)
37563015	kulaman	coolimon
37563015	kulaman	canoe-shaped
37563087	kulaman	cooliman
37563087	kulaman	different sort
37563427	kulaman	for soaking yams (yanbarr)
37563427	kulaman	for soaking yams
19638319	kuliba tri	tree (coolibah plant species)
19638259	kumirr	blackberry (plant species)
19638316	kundarr	tree (black plum plant species)
19638345	kuninyarra	tree (wild fig plant species)
19639462	kut	Jabiru sound
19634840	kuwi	koel (bird species)
19638277	kuyiya	diarrhoea treatment
19638277	kuyiya	diarrhoea treatment (plant species)
37561782	kwaitbala	slow(ly)
37561782	kwaitbala	soft(ly)
37561782	kwaitbala	weak(ly)
37561782	kwaitbala	quiet(ly)
19638716	kwaitsneik	snake (harmless reptile species)
19634870	kweil	quail (bird species)
19634843	labinjaga	kookaburra (blue-winged bird species)
37564235	labinjaga	Blue-winged
19639816	laidim	switch on (light)
19640272	laidim	turn on (light)
19638291	laim	lime (plant species)
37562387	lain	fishing line or hook
37562486	lait	forewood
19638697	laitining	gecko (reptile species)
37561638	laitwan	(red) flying fox
19634481	laiyan	lion (animal species)
19639488	lama	shovel-nosed spear
19639489	lama spiya	shovel-nosed spear
37562959	lambarra	father-in-law - husband’s father
19634829	languna	goose (bird species)
37562962	languna	Magpie or Pied
37564357	languna	Magpie or Pied Goose
19638325	lanswud	tree (lancewood plant species)
19637270	las it	last hit
37561143	laus	on hair or body
37561181	laus	also flea
19634499	lebden wolabi	wallaby (nail-tailed animal species)
19634500	lebden wolabi	wallaby (Onychogalea unguifer animal species)
37561957	lebden wolabi	bridle nail tailed wallaby
37562280	lebden wolabi	bridle nail tailed
37562004	leg	shin or lower leg
37563385	leg	root or trunk of tree
37564027	leg	leg : calf of leg
19638326	lenswud	tree (lancewood plant species)
19637302	lid	lead position
19636700	lidimap	guide up
19638606	liklik	very light rain
19637425	lilbit	little (amount)
19639350	lilbit	small (amount)
37561780	lilbit	a little (bit)
37561887	lilgel	girl child
37561891	lilgel	about 4 yrs old
37562152	lilgel	about 4 years old
19638290	lili	lily (water plant species)
37562434	lili	lily plant
37564015	lili	waterlily root
19637310	lililib	water lily leaf
19636471	lilisid	waterlily fruit
19639015	lilisid	waterlily seed
37562318	lilisid	lilyseed
37561780	lilwan	a little (bit)
19638709	lirrga	lizard (blue-tongue reptile species)
19637441	lisid	inedible lizard
37561675	lodan	down (river)
37563715	lodan	lower : from lower down
19638706	loklok	lizard (reptile species)
19636296	longnek te:tul	turtle (long-necked fish species)
37563043	longtaim	long time (ago)
19636281	longtom	long tom (fish species)
37562168	longwei	long way long way
19638094	lotitja	important owner
19640730	lubra	Aboriginal woman
19634867	lumbuk	pigeon (bird species)
19638314	mabultri	tree (Alphitonia exoelsis plant species)
19638329	mabultri	tree (marble plant species)
37563416	mabultri	tree : ’Marble tree’
19636207	madfait	mud fight
19636273	madkod	cod (mud fish species)
19638359	magabala	yam (bush plant species)
19640533	mailawik	mayla week
19640534	mailawik	non-pension week
37563501	maindim	look after a person
19637080	majblai	fly (march insect species)
37561256	mak	to put a mark
37563488	mak	cut (oneself)
19636282	malat	mullet (fish species)
19638317	malawarra	tree (bush fruit plant species)
37563453	malawarra	fruit from bush
37563453	malawarra	like pear
19637761	mami	mother’s cousin
37561522	mami	mother’s brother or sister
37562220	mami	uncle or aunt - sibling of mother
37562312	mani	money notes
37564138	mani	money (coin)
19637576	manimen	man with money
19636284	marlabangu	mussel (freshwater fish species)
37561555	marlabangu	Norman River grunter
37562726	marlabangu	fish : Norman River grunter
19635007	marluga	old boss
19640486	marramarra	waterlily pod
19639438	marrayin	song (particular)
19638265	marrunggun	bush fruit (plant species)
19636283	masul	mussel (fish species)
19638328	menggo	tree (mango plant species)
19635330	medisin	chemical liquid
19634794	megpai	butcherbird (bird species)
19634849	megpai	magpie (bird species)
27829527	megpai	Cracticus tibicen
27909333	megpai	Australian bird, ''Gymnorhina tibicen''
37564237	megpai	Butchers Bird
19638327	meinggo	tree (mango plant species)
19640474	meinwoda	permanent water
19639221	meit	similar person
19638690	menida	crocodile (saltwater reptile species)
37562577	menida	salt water - man-eater
19634453	mikibul	bull (young animal species)
19637698	milgi	milky coloured
37563052	milkim	to milk
19640211	milktri	Excoecaria parvifolia
19640211	milktri	Excoecaria parvifolia (tree species)
19640218	milktri	milkwood (tree species)
19636115	mistam	fail to find
19640381	modiga rod	vehicular track
19638713	molobondok	lizard (swelled-headed dragon reptile species)
19638288	morrhe	green plum like
19638288	morrhe	green plum like (plant species)
19638323	moyi	tree (green plum plant species)
19634857	mukmuk	owl (mopoke bird species)
19638698	mulabanda	gecko (reptile species)
19638303	mulalu	root (edible plant species)
19640676	mulungwa	wild blackfellow
37561197	mun	curl grub - lava of Black beetle
37563566	mun	curl grub
19638263	murrunggan	blackcurrant (plant species)
19637809	myusik	musik
37564184	naitaim	yesterday in the afternoon or evening
19634784	naitaul	boobook owl
19634784	naitaul	boobook owl (bird species)
19634883	naitaul	tawny frogmouth (bird species)
37564196	naitaul	owl : night owl
19634852	naitingeil	nightingale (bird species)
37563751	naja	another : another two
37563751	naja	another woman
19638061	najaboi	other boy
37562381	najalot	another lot
37562574	najalot	other lot
37562576	najan	other : the other one
37562974	najasaid	other side of
37563756	najasaid	other side (of river)
19634517	najawei	another means
19637918	najing rong	nothing wrong
19637916	naka	not yours
19636907	nakim	hit once
19635639	nambafo	cross legs
37561628	nambawan	great (figurative sense)
37562043	nebal	umbilica
19634789	neidib kompenyan	brolga (bird species)
19634875	neidib kompenyan	sarus crane (bird species)
19638318	neilbush	tree (bushy plant species)
37561248	neim	name of person or place
19640701	nek	window struts
37562078	nek	hollow at back or base of skull
37562579	nek	hollow at back at base of skull
37561950	nenigout	also sheep
37561167	nes	antlion’s pit
19637220	ngabirnini	kinship relationship
19636274	ngaladarra	(coloured scales) (fish species)
37561510	ngamuri	son’s child
37563144	ngamuri	grandchild - paternal (son’s child)
37563144	ngamuri	grandchild - paternal
37564031	ngamuri	grandfather - father’s father
19640579	ngangi	what’s this (question)
19636039	ngar	erect (penis)
27853668	ngarlmarr	cavity beneath the junction of the arm and shoulder
19637980	ngarni	okay (question)
19635550	ngi	correct (question)
37562250	ngi	isn’t it?
37562657	ngi	isn’t it? (tag question)
19638354	ngurridin	wild banana (plant species)
37563138	nigilij	grass sp. with purple flower (’necklace’)
19634820	nin nin	finch (double barred bird species)
37562604	nin nin	double barred
37562646	nogudbinji	feel worried
37561836	nogudwan	bitter (taste)
37561836	nogudwan	dangerous or savage (of animals and crocodiles)
37561836	nogudwan	dangerous or savage
37561836	nogudwan	brackish (water)
37564119	nogudwan	make someone no good
37564119	nogudwan	sick of you
37563282	nokap	tired - to be
19636466	nos	front of vehicle
37561402	nos	point of a hill
19637060	nyapaja	old in-law
37563962	obajea	from that way
19634816	ok	eagle (bird species)
19634834	ok	hawk (bird species)
19638242	ol	RAAF plane
19639972	olabatwei	their way
37562668	olawei	for ever; right up
37561794	olbala	falling apart (of things)
19637994	olbalawei	old way
37562668	olbit	for ever; right up
19637989	olendeis ka:	old model car
19640734	olgamenwan	of or relating to women
19636926	olidei	go for holiday
37562668	oligija	for ever; right up
37561099	olkain	frog (generic)
37561135	olkain	any snake (generic)
37561135	olkain	any snake
19634397	olkainabawei	all kinds of ways
37561794	olwan	falling apart (of things)
19638089	ononwei	own way
19639817	opinim	tap switch on light
19640273	opinimap	turn on (machine)
19639969	orla	the (plural)
19637337	orlorlong	whole lenght
19634472	os	horse (animal species)
27898008	os	members of the species ''Equus ferus''
19634853	ostritj	ostrich (bird species)
19640210	painwud	Erythropleum chlorostachyum (tree species)
19634692	pajam	beat (in a race)
19637744	pajam	have more
19638299	panapul	pineapple (plant species)
37561635	pappap	tame dog
37563698	pappap	little or tame
19638477	parralaisim	prevent action
37562742	pedul	paddle (a canoe)
19638157	peideiwik	pay week
37562312	peipa	money notes
19638330	peipabak	tree (paperbark plant species)
37562312	peipabak	money notes
19638158	peiwik	pay week
19634860	perrit	parrot (bird species)
19636287	perritfis	parrot fish (fish species)
19638146	petj	patch of vines
19638183	pidjein	no permission
19634868	pijin	pigeon (bird species)
37563531	pijin	Dove : Bar-shouldered
19634863	pikok	peacock (bird species)
19638307	pinapek	spinifex (plant species)
19636579	pinij	go completely
19634851	piwi	magpie lark (bird species)
19634479	plein keinggarru	kangaroo (red animal species)
19640176	plisboi	Aboriginal tracker
19638406	plistrega	police tracker
19635231	poka	card game: poker
19634466	pokipain	echidna (animal species)
19638298	popo	pawpaw (plant species)
27926314	posam	any of the marsupials in several families of the order Diprotodontia of Australia and neighboring islands
37561929	posam	ring-tailed possum
37561929	posam	brush-tailed possum
37561963	posam	spotted one; ring tailed possum
37564155	posam	ring-tailed
37562472	posam daga	possum tucker
19635720	predimat	deal (cards)
37563317	presim	squash with the hand
37563317	presim	press something in
19639456	prik	brolga sound
19638268	prikli tri	Carissa lanceolata
19638268	prikli tri	Carissa lanceolata (plant species)
37562850	prikli tri	prickly tree
19638497	pruf	have proof
19638411	pul	pool (billiards)
37564100	puldan	fall down drop down
19637081	pulijmen flai	fly-like (insect species)
37562773	pulum	tryo to pull
37562903	purum	spill something
37563394	pushum	push in (coals)
37563394	pushum	push together into a heap
19634455	pusiket	cat (domestic animal species)
19635427	pusiket	clubs (card suit)
19638300	putato	potato (plant species)
19638312	pwima tri	tree (plant species)
19637525	rabish	low status person
27961335	rabish	adult female human being
19636263	raiful fish	archer fish (fish species)
19638715	rambi rambi	snake (brown tree reptile species)
19638873	ranin abat	run frequently
19638843	raun	round (of cards)
37561778	raunwan	circular (like hat)
37561826	raunwan	type of rock which is flat and round
37562581	raunwan	rock type
37562581	raunwan	flat and round
19634487	rebit	rabbit (animal species)
19638349	red lili	Triglochin procerae
19638349	red lili	Triglochin procerae (plant species)
19638351	red lili	waterlily (red plant species)
19637068	redant	ant (red insect species)
37561214	redant	reddish ant
19638641	redap	reared up
37561623	redwan	red (stone)
19638656	redyela	red and yellow
19634841	reinbe:d	koel (bird species)
19634871	reinbe:d	rainbird (bird species)
19634890	reinbe:d	wood swallow (bird species)
37564114	reinbe:d	Black-faced Wood
19635765	reintaim rod	wet season detour
37561762	reinwoda	fresh rain water
19636093	reito	expression of agreement
19634891	ren	wren (bird species)
19634568	reng	arsehole (offensive)
37563787	restim	make oneself secure
19634488	ret	rat (animal species)
19640220	riba wisling tri	river oak
19640220	riba wisling tri	river oak (tree species)
19634496	riba wolabi	wallaby (animal species)
37561955	riba wolabi	river wallaby
37561955	riba wolabi	sandy or agile wallaby
37562225	riba wolabi	river- (sandy or agile wallaby)
19635205	rijap	established camp
37563220	ringap	put up (of tent)
37563221	ringap	put up (tent)
37564161	ringap	put up a tent
19634873	robin	robin (bird species)
19634491	rok kantri blanbo	sugar glider (animal species)
19634467	rok keinggurru	euro (animal species)
19634483	rok keinggurru	Macropus robustus
19634483	rok keinggurru	Macropus robustus (animal species)
19634504	rok keinggurru	wallaroo (animal species)
19636286	rok kod	northern carp
19636286	rok kod	northern carp (fish species)
19636293	rok kod	sleepy cod (fish species)
37561535	rok kod	Northern carp-gudgeon
37561550	rok kod	rock cod (poss. mud cod?)
37563158	rok kod	cod : rock cod
37563793	rok kod	carp-gudgeon
37564121	rok kod	cod : rock (poss. mud cod)
37564121	rok kod	cod : rock
19634485	rok wolabi	Petrogale wilkinsi
19634485	rok wolabi	Petrogale wilkinsi (animal species)
19634501	rok wolabi	wallaby (rock animal species)
19637609	rongsaid	wrong marriage
19637613	rongsaidbala	one who is married wrongly
19638090	ronwei	own way
19638264	roptri	Buchaniana oberata
19638264	roptri	Buchaniana oberata (plant species)
19638287	roptri	green plum (plant species)
19638333	roptri	tree (rope plant species)
37563496	roptri	rope tree
19637509	rorrimap	make loud noise
19636019	rorring	engine sound
37564185	rorring	thunder(ing)
19638304	runggai	root (edible plant species)
19637242	sabibalawei	knowledgably
19636710	sailin gan	silenced gun
19640207	saipris	Cyperus decompositum
19640207	saipris	Cyperus decompositum (tree species)
19640208	saipris	cypress (tree species)
19640214	saipris	Hibiscus radiatus
19640214	saipris	Hibiscus radiatus (tree species)
19640215	saipris	Hibiscus zonatus
19640215	saipris	Hibiscus zonatus (tree species)
19636272	saladoda	catfish (fish species)
19636288	saladoda	Queensland barramundi
19636288	saladoda	Queensland barramundi (fish species)
19636290	saladoda	saratoda
19636290	saladoda	saratoda (fish species)
37561560	saladoda	like barramundi
37561561	saladoda	Saratoda (Queensland barramundi)
37561561	saladoda	Saratoda
19637358	samaram	draw level with level
37561514	san	woman’s brother’s son
37561526	san	man’s child
37561526	san	woman’s brother’s child
37562470	san	child of man or of woman’s brother
19638702	sanrij gowena	goanna (sand ridge reptile species)
19638923	sanrij gowena	sand ridge goanna
19636050	sapataim	evening meal time
19638935	seidilaig	satan(?)
19639665	selingleidi	female storekeeper
19637087	senflai	sandfly (insect species)
19638693	senfrog	frog (sand reptile species)
37563792	senfrog	frog : sand frog
37561405	sengraun	sand ground
37561441	sengraun	real sand
37562246	sengraun	sand (real sand)
19636584	senrij gowena	sand ridge goanna
19638703	senrij gowena	goanna (sand ridge reptile species)
19637076	sentapid	centipede (insect species)
37561614	shabala	of spears
37561614	shabala	scorpion tail etc.
19639146	shadan	be shot down
19639147	shadap	be shot down
37562620	shadimap	shut (a door)
19639109	shainimbek	shine light at
37561388	shainiwan	quartz (n.)
37561388	shainiwan	dazzling (adj.)
37564096	shainiwan	shiny dazzling (adj.)
37564096	shainiwan	shiny dazzling
37561565	shak	shark (freshwater)
37561565	shak	whaler shark
27854977	shat	the action of trying at something
37564147	sheid	shady tree
37564147	sheiditri	shady tree
37562554	sheim	go down (of sun)
37561127	shel	spiral shell from spring (Kookaburra shell Ch)
37563652	shel	from spring
37563588	shiftim	move (something) about
37562327	shil	shield for fighting
37562327	shil	had handles
37561640	sholda	shoulder and upper arm
37564187	sholda	upper arm and shoulder
19637766	shopa	large motor bike
19639140	shotkatwei	short cut way
37561570	shotwan	crayfish sp. short and black
37563441	shotwan	crayfish sp. : short and black
37564169	shotwan	teatrea
37564169	shotwan	short sp.
37564301	shotwin	be shortwinded
37564344	shotwin	to be breathless
19637070	shugabeig flai	bee (native insect species)
19634452	sibo	bull (Cebu animal species)
19635126	sibo	Cebu bull
19639012	sidpat	seed part
19634876	sigal	seagull (bird species)
19634878	sigal	swallow (bird species)
19634881	sigal	swift (bird species)
37562778	sigal	sea birds
37563139	sik	sick. wasting away
19640101	siliptaim	time for sleeping
37563080	singat	shrill (of cicadas)
37563080	singat	buzz (of large bee)
19639159	singatbek	shout back
37564106	singim	sing someone
19634671	singulmen	batchelor
19638278	siwid	eel grass (plant species)
19635898	skaiti	dressed well
37561231	skin	skin group
37561996	skin	’skin’ group’
37563139	skini	sick. wasting away
37563383	skinim	take out all seeds from lilyseed
19635161	skrab	small bushes
37563202	skwisim	press with hand
19639337	slaida	slippery slide
19639327	slaiswais	into slices
37561831	slekwan	of axehead - comes out as soon as you chop a tree
37562636	slekwan	slack (loose, of axehead) slack
37562636	slekwan	slack slack
37562636	slekwan	of axehead -comes out as soon as you chopp a tree
37561782	slobala	slow(ly)
37561782	slobala	soft(ly)
37561782	slobala	weak(ly)
37561782	slobala	quiet(ly)
37562146	smelim	have a smell or odour
37561410	smok	smoke from fire
19638280	smoktri	Eucalyptus pruinesa
19638280	smoktri	Eucalyptus pruinesa (plant species)
19638334	smoktri	tree (smoke plant species)
37561135	sneik	any snake (generic)
37561135	sneik	any snake
19636295	sodfish	swordfish (fish species)
37561782	sofwan	slow(ly)
37561782	sofwan	soft(ly)
37561782	sofwan	weak(ly)
37561782	sofwan	quiet(ly)
37561823	sofwan	as of witchetty grub
19638907	soltipat	salty part
37562577	solwoda	salt water - man-eater
37562614	spirrim	spear something
19639439	songmen	songman
19638339	soptri	tree (wattle plant species)
37561658	spel	have a rest or a spell (break)
37562362	spel	have a rest or spell (break)
37562903	spilim	spill something
37563345	spilim	tip outwards
37562968	spredat	spread (hand, fingers)
37562966	spredimat	cut and spread out animal body
19638605	springkl	rain slightly
19634877	spunbil	spoonbill (bird species)
37563219	spunbil	Yellow Billed and Royal
37561449	sta	stars (a pair?)
37563637	sta	stars (a pair)
19636479	stak	be full to overflowing
19639709	stakam	make something get ... stuck
37562501	stap	lie (tell lie)
19635375	stik	clap sticks
37561241	stik	clapsticks
37561241	stik	beating sticks
37562691	stik	tree (generic)
19636208	stik fait	stick fight
19636496	stik fait	kind of game
19637078	stingerei	dragonfly (insect species)
37562146	stinggi	have a smell or odour
19636294	stingrei	stingray (fish species)
19639635	stokkemp	stock camp
19634783	stombe:d	blue-winged kookaburra (bird species)
19634858	stombe:d	oystercatcher (bird species)
19634879	stombe:d	swallow (bird species)
19634882	stombe:d	swift (bird species)
37564168	stombe:d	Storm; Oyster catchers
37564235	stombe:d	Blue-winged
37561414	ston	ordinary stone
37561414	ston	sloping stone
37563000	ston	ordinary or sloping
37563419	ston	small stone (agate)
19634477	ston keinggurru	kangaroo (antelope animal species)
19634482	ston keinggurru	Macropus antilopinus
19634482	ston keinggurru	Macropus antilopinus (animal species)
37561927	ston keinggurru	stone kangaroo
19639647	stonaben	stone oven
19636658	stoni kantri	gravel country
19636684	stoni kantri	gravelly ground
37561807	streitwan	good (or smooth barked tree)
37562781	streitwan	straight (of smooth barked tree)
37562373	string	used for making spear
19638336	stringibak	tree (stringybark plant species)
37561622	strongbala	solid one
37561622	strongbala	hard (of wind)
37562232	strongbala	big (man)
37561632	strongwan	strong(ly)
37561632	strongwan	loud(ly)
19636935	sugabeg	native honey
19634880	suwan	swan (bird species)
37561996	swet	’skin’ group’
37563267	swet	skin group
19638308	swit purteida	sweet potato (plant species)
19639907	switti	tea,sweetened
37561620	switwan	not bitter
37561830	switwan	lots of taste
37561428	taid	moving water
37563337	taimap	tie something
19638718	taipen	snake (taipan reptile species)
19635116	taiyimap	buckle (seat belts)
19638337	tamaring	tree (tamarind plant species)
19636498	tarltarl	knife throwing game
19634791	tarrgi	bustard (bird species)
19634884	tarrgi	turkey (bird species)
37562754	tarrgi	Turkey : Plain Turkey or Bustard
19634966	tatu	body cuts
19634493	te:dl	turtle (animal species)
19634885	te:ki	turkey (bird species)
19634821	tedulhok	fire bird (bird species)
19634823	tedulhok	fish hawk (bird species)
19634839	tedulhok	kitehawk (bird species)
37564058	tedulhok	hawk : ’kite hawk’
19639846	teikinap	be taken up
27948902	teil	appendage of an animal
37561996	teist	’skin’ group’
37563267	teist	skin group
37562572	terrimap	rip something
19634492	tetul	turtle (animal species)
37563303	tharran	that (one)
37564023	tharran	that one (erg.)
37563927	throt	throat of bird
19637697	tin milk	tinned milk
19640170	tin trak	toy truck
19636854	ting	expression of) (hesitation
19638293	titri	Melaleuca alsophila
19638293	titri	Melaleuca alsophila (plant species)
19638338	titri	tree (tea-tree plant species)
37564169	titri	teatrea
37564169	titri	short sp.
19635307	tjatj	(police) charge
19638043	tjensim	give opportunity
19640169	toitit	toy teeth
37562179	tok	speak (to someone)
37563016	tok	speak a language
19639854	tok akros	talk across
19639855	tok ebriwei	talk at once
19636013	trai	endeavour to
37562156	trai	tray (to)
19635272	trakin yad	cattle yard
37562691	tri	tree (generic)
19635234	trikkard	card game type
19640224	trisaid	treeside
19638719	trisneik	snake (tree snake reptile species)
37561122	trisneik	yellow tree snake
37562676	trisneik	snake - yellow tree snake
19640281	tubob	twenty cents
19640287	tubob	two shillings
19640286	tumanttaim	in two months
19635232	tungkaj	card game term
19640288	tuwiktaim	in two weeks time
37563959	u	relative conjunction
19637140	uruk	jabiru sound
19640573	wadaim	what time (question)
19640595	wadaim	when (question)
19640651	wadbo	why (question)
37562691	wadi	tree (generic)
37563547	wadi	branch of tree or shrub
19638251	wadul	Acacia terulesa
19638251	wadul	Acacia terulesa (plant species)
19638340	wadul	tree (wattle plant species)
19638271	waguwagu	Casuarina cunninghamiana (plant species)
19638331	waguwagu	tree (river oak plant species)
37564037	waguwagu	River Oak
19640652	wai	why (question)
19637088	waident	termite (insect species)
19637089	waident	white ant (insect species)
19638295	wail anyan	onion (wild plant species)
19638343	wail binana	tree (wild banana plant species)
19634459	wail dog	dingo (animal species)
19634460	wail dog	dog (wild animal species)
37561916	wail dog	greyhound dog
37561916	wail dog	like greyhound
19634825	wail faul	fowl (wild bird species)
19635251	wail gusaba	wild cassava
19638270	wail gusaba	cassava (wild plant species)
19639746	wail juga	wild sugar
19634781	wail juk	black cormorant
19634781	wail juk	black cormorant (bird species)
19635439	wail kokonat	wild coconut
19638344	wail kokonat	tree (wild coconut plant species)
19638292	wail meinggo	mango (wild plant species)
19638294	wail melin	melon (wild plant species)
19638301	wail piteta	potato (wild plant species)
19638302	wail rais	rice (wild plant species)
19638306	wail rais	sc: Oryza rufipegan
19638306	wail rais	sc: Oryza rufipegan (plant species)
19638362	wail yem	yam (wild plant species)
19638341	wait gamtri	tree (white gum plant species)
19634817	wait hok	eagle (whistling bird species)
19634887	wait hok	whistling eagle (bird species)
19638276	wait karant	currant (white plant species)
19638353	wait karant	white currant (plant species)
37561792	waitwan	really white or light coloured - even to pinkish
37563327	waitwan	to be white
37564186	waitwan	fork-tailed and square-tailed kites
19638335	waitwud	tree ((?)smoke plant species)
19638342	waitwud	tree (white wood plant species)
37562465	waiya	spear : wire spear
37562465	waiya spiya	spear : wire spear
19640653	wajameda	why (question)
19634806	wakwak	crow (bird species)
27873491	wakwak	any bird of the genus ''Corvus''
19635233	wanai	card game term
19636499	wanai	cards game term
37562785	wanbala	only a little bit
19640563	wanem	what (question)
27960099	wani	interrogative pronoun
19640564	wanim	what (question)
27960099	wanim	interrogative pronoun
19640654	wanim blanga	why (question)
19638234	wanpleis	a certain place
19635792	wansaid	different route
19635793	wansaid	different way or group
19638022	wanwiktaim	in one week
19636079	wara	exclamation
19636585	wardabirr	sand ridge goanna
19638704	wardabirr	goanna (sand ridge reptile species)
19638352	wardimelen	watermelon (plant species)
19636631	warlmbarl	gossip(?)
19634486	warngugu	Petrogale wilkinsi
19634486	warngugu	Petrogale wilkinsi (animal species)
19634502	warngugu	wallaby (rock animal species)
19640655	watfo	why (question)
19640568	wodabat	what about (question)
19635839	we:di	expression of) (distaste
19640601	wea	where (question)
37563979	wea	where (at)
37563503	weks	used in spear making
19634861	welai	parrot (green bird species)
37561197	wem	curl grub - lava of Black beetle
37563566	wem	curl grub
37563959	wen	relative conjunction
19636099	werdei	expression of pleasure
19640774	werte	wrong way
19636100	wetinimat	extinguise fire
37561796	wetwan	really wet
37561810	wetwan	wet (of tree, person or clothes)
27960244	weya	at what place; to what place; from what place
37563959	weya	relative conjunction
19638036	wigimap	open ground oven
27960555	wijei	to which place
19637090	wijidi	witchety grub
19637090	wijidi	witchety grub (insect species)
37561782	wikbala	slow(ly)
37561782	wikbala	soft(ly)
37561782	wikbala	weak(ly)
37561782	wikbala	quiet(ly)
37563915	wikbala	can’t walk
19634888	wiliwegteil	willy-wagtail (bird species)
37564281	wiliwegteil	Northern Shrike-tit
19638721	wip sinik	snake (whip snake reptile species)
27857388	wiska	facial hair
37561559	wiska	feelers of crayfish etc.
19637937	wislingtri	river oak
19638272	wislingtri	Casurina cunninghamiana
19638272	wislingtri	Casurina cunninghamiana (plant species)
19638332	wislingtri	tree (river oak plant species)
19634886	wisuldak	whistle duck
19634886	wisuldak	whistle duck (bird species)
19640537	witbiks	WeetBix
27959307	woda	clear liquid H₂O
37562268	woda	not moving
19637071	wodabidul	beetle (water insect species)
19637401	wodalili	lily seed
19638350	wodalili	waterlily (plant species)
19634489	wodaret	rat (water animal species)
37562626	wodaret	rat : water-rat
19638720	wodasneik	snake (water snake reptile species)
19634497	wolabi	wallaby (animal species)
19638248	wolabi daga	plant eaten by wallabies
19640434	wolabi daga	wallaby food
19638377	worde	expression of) (pleasure
19640566	wot	what (question)
27960099	wot	interrogative pronoun
19640570	wot blanga	What for (question)
19640582	wot dijan bla	what’s this for (question)
19640580	wot dijanda	what’s this (question)
19640581	wot disda	what’s this (question)
19640576	wot tharran da	what’s that (question)
19640597	wotaim	when (question)
27960228	wotaim	direct question
19640575	wotakolum	what-d’ye-call-it
19640577	wotdijan	what’s the word
19640577	wotdijan	what’s the word (question)
19640656	wotfo	why (question)
19640578	wotna	what’s the word
19640578	wotna	what’s the word (question)
19640657	wotrong	why (question)
19640658	wotrong	why not (question)
19638378	wudi	expression of) (pleasure
19640606	wujei	where (question)
37563978	wujei	where (to)
37563979	wujei	where (at)
19638279	wulibak tri	Eucalyptus papuana
19638279	wulibak tri	Eucalyptus papuana (plant species)
19638347	wulibak tri	tree (woolly butt plant species)
27961335	wuman	adult female human being
27961335	wumun	adult female human being
37561198	wunbun	big hornet
37561198	wunbun	Emerald wasp
37561209	wunbun	Mottled cup moth
19637141	wuruk	jabiru sound
19635183	yad	caged area
19636192	yad	fenced area
19640783	yadim	put in yard
19638595	yadimap	put quotes in
19640784	yadimap	put in yard
37562304	yadimap	yard up something
19635475	yakkai	come off it!
19639013	yalbun	waterlily seed pod
37562318	yalbun	lilyseed
19640822	yangsan	young son
19637981	yaraba	okay for you
19638313	yarl	tree (plant species)
19638357	yarlma	yam (plant species)
19634473	yarraman	horse (animal species)
27898008	yarraman	members of the species ''Equus ferus''
19638363	yarwok	yam (wild plant species)
19634474	yawarda	horse (animal species)
27898008	yawarda	members of the species ''Equus ferus''
19634313	yelabala	part Aboriginal
19640792	yelapat	yellow part
37561790	yelawan	yellow one
19638309	yelawud tri	Terminalia canescens
19638309	yelawud tri	Terminalia canescens (plant species)
19638348	yelawud tri	tree (yellow-wood plant species)
37563746	yelawud tri	gum of that tree
19638305	yem	root vegetable (plant species)
19638358	yem	yam (plant species)
19637364	yemstik	lice stick
37564184	yestadei	yesterday in the afternoon or evening
19640810	yubala	you (plural)
19640811	yumob	you (plural)
19635853	yunda	do you want ... (question)
19640809	yunowot	you know what (question)
27829527	bujabed	Cracticus tibicen
27863075	bujabed	Cracticus
27909333	bujabed	Australian bird, ''Gymnorhina tibicen''
27899251	aibis	Threskiornithid
27912770	telefonn portab	portable telephone
27912770	portab	portable telephone
27912770	mobayl	portable telephone
27961335	olgumen	adult female human being
19639289	Ngarritjan	skin group
19639729	Ngarritjan	female sub-section
37562646	sedwan	feel worried
37563842	milk sneik	snake lizard (prob.)
37563842	milk sneik	snake lizard
37561064	senrij gwena	sand ridge goanna
37562210	senrij gwena	goanna - sand ridge
37563850	senrij gwena	goanna : sand ridge goanna
37561065	langa wadi	in trees
37561065	lilwan ebriweya	in trees
37563903	fail sneik	snake : file snake
37561067	gabilili	striped (skin) lizard
37561067	gabilili	striped lizard
37561068	gabilili	small skink(s)
37561068	gabilili	small skink
37561077	gabilili	any sort of lizard
37563936	gabilili	skink : small skinks
37563938	gabilili	striped (skin)
37563950	gabilili	lizard : any sort
37561067	lijad	striped (skin) lizard
37561067	lijad	striped lizard
37563938	lijad	striped (skin)
37563172	baibul sneik	snake : rock snake
37561071	wankain sneik	lit. no hair on body
37561084	wankain sneik	snake sp. all colours
37562569	wankain sneik	snake : children’s python
37563201	wankain sneik	snake : rock snake
37561071	la ston	lit. no hair on body
37563201	la ston	snake : rock snake
37561072	stingki tadul	stinking turtle
37561072	stingki tadul	smelly turtle
37562117	stingki tadul	smelly turtle (Emydura sp.)
37562136	stingki tadul	Emydura sp.
37562524	stingki tadul	turtle : smelly turtle
37563256	stingki tadul	turtle : stinking turtle
37561073	smolwan gwena	small rock goanna
37561073	smolwan gwena	with spiny tail
37562118	smolwan gwena	Varanus acanthurus
37563276	smolwan gwena	goanna - small rock goanna
37563276	smolwan gwena	with spiny tail (Varanus acanthurus)
37561073	jidan la rok	small rock goanna
37561073	jidan la rok	with spiny tail
37562118	jidan la rok	Varanus acanthurus
37563276	jidan la rok	goanna - small rock goanna
37563276	jidan la rok	with spiny tail (Varanus acanthurus)
37563294	blenggit lijad	lizard : frilled
37563968	bilanggid lijad	lizard : frilled
37561077	olkain lijad	any sort of lizard
37563950	olkain lijad	lizard : any sort
37561080	biges gwena	Spencer’s goanna
37562134	biges gwena	Varanus gouldi
37563581	biges gwena	goanna - sand goanna
37563989	biges gwena	goanna - Spencer’s goanna
37564094	biges gwena	Spencer’s
37561081	lilwan lijad	copper tailed skink(s) and common grass skinks
37564001	lilwan lijad	skink(s)
37564001	lilwan lijad	copper tailed and common grass
37561136	wankain lijad	gecko; lizard; yellow lizard
37561136	wankain lijad	gecko; blanket lizard
37562354	wankain lijad	lizard sp.
37562354	wankain lijad	poss. gecko
37562354	wankain lijad	or blanket lizard
37564028	wankain lijad	dragon (lizard) - two lined
37561083	poisin sneik	poison snake
37561083	poisin sneik	tree sp for firestick
37561083	poisin sneik	also snake sp.
37561111	poisin sneik	long one
37561111	poisin sneik	same colour as bandiyan
37561111	poisin sneik	poisonous/dangerous
37562946	poisin sneik	brown like bandiyan
37564059	poisin sneik	snake : poisonous sp.
37561084	redwan binji	snake sp. all colours
37561084	gudwan bif	snake sp. all colours
37561089	bigwan tadul	big turtle
37561090	shotwan nek	big turtle
37563792	nardi	frog : sand frog
37561094	biges frog	big frog
37561095	biges frog	brown colour
37561096	grinwan frog	big green frog
37561101	grinwan frog	green frog (green on back)
37562709	grinwan frog	frog : green tree frog
37563044	grinwan frog	green on back
37561096	la tri	big green frog
37562709	la tri	frog : green tree frog
37561097	lilwan braunwan frog	little brown frog at billabongs
37562738	lilwan braunwan frog	little brown one at billabongs
37561097	la bilibong	little brown frog at billabongs
37562738	la bilibong	little brown one at billabongs
37561098	olkain frog	any kind of frog
37561102	praba bigwan frog	big/little brown frog
37561102	braunwan	big/little brown frog
37561111	braunwan	poison snake
37561111	braunwan	long one
37561111	braunwan	same colour as bandiyan
37561111	braunwan	poisonous/dangerous
37561612	braunwan	chestnut coloured (hair)
37562946	braunwan	brown like bandiyan
37563208	braunwan	Greycrowned
37561105	bigwan raunwan frog	big round frog
37562198	bigwan raunwan frog	big round
37562125	wankain freshwada tadul	Elseya dentata
37561110	fetwan lijad	plump skink
37562890	fetwan lijad	plumpg lizard (skink)
37562890	fetwan lijad	plumpg lizard
37561111	kala olisem bandiyan	poison snake
37561111	kala olisem bandiyan	long one
37561111	kala olisem bandiyan	same colour as bandiyan
37561111	kala olisem bandiyan	poisonous/dangerous
37562946	kala olisem bandiyan	brown like bandiyan
37561114	burdiwan buludang	pretty blue tongue lizard sp.
37562130	burdiwan buludang	oretty blue tongue lizard sp.
37563073	burdiwan buludang	blue tongue - a pretty sp.
37561117	wankain buludang	Cunninham’s skink
37563064	wankain buludang	lizard : Cunningham’s skink
37561120	straipidwan sneik	striped snake (poisonous)
37561120	straipidwan sneik	striped snake
37562278	wipsneik	snake - whip snake (black)
37561124	solwada aligeda	salt water crocodile (dangerous)
37562134	sen gwena	Varanus gouldi
37563581	sen gwena	goanna - sand goanna
37561126	olmen gwena	old man goanna
37563576	olmen gwena	goanna - old man goanna
37561126	bigwan	old man goanna
37561387	bigwan	big gorge
37561622	bigwan	solid one
37561622	bigwan	hard (of wind)
37561628	bigwan	great (figurative sense)
37561773	bigwan	big wide (place)
37561773	bigwan	big wide
37561773	bigwan	big voice
37561817	bigwan	plump (cheeks, etc.)
37561817	bigwan	swollen (from hitting etc.)
37561828	bigwan	big bodied
37562232	bigwan	big (man)
37562619	bigwan	fat (of people)
37563026	bigwan	plump (of cheeks, etc.)
37563576	bigwan	goanna - old man goanna
37563920	bigwan	wide place
37561127	kukabarra shel	spiral shell from spring (Kookaburra shell Ch)
37563652	kukabarra shel	from spring
37561129	lilwan lilwan lijad	very small lizard
37561134	defada	marks on back
37561133	aligeda teil	crocodile tail
37561134	shotwan fetwan	marks on back
37561137	lil poisin sneik	litte poison snake
37561137	lil poisin sneik	smaller than ’bandiyan (smaller head)
37561137	lil poisin sneik	smaller than ’bandiyan
37562391	lil poisin sneik	small poisonous snake
37561137	laik bandiyan	litte poison snake
37561137	laik bandiyan	smaller than ’bandiyan (smaller head)
37561137	laik bandiyan	smaller than ’bandiyan
37562391	laik bandiyan	small poisonous snake
37561138	solwada tadul	saltwater turtle
37561138	solwada tadul	with flat hands
37561138	got fletwan bingga	saltwater turtle
37561138	got fletwan bingga	with flat hands
37562430	got fletwan bingga	with flat hands/feet
37561204	jugabeg	Native honey bee
37562493	jugabeg	honeycomb of native honey bee
37561141	kemp bla insek	people’s camp; nes
37561141	kemp bla insek	antlion’s hole
37563183	kemp bla insek	camp (of people)
37563183	kemp bla insek	nest (of birds, insects)
37561141	entlayon hol	people’s camp; nes
37561141	entlayon hol	antlion’s hole
37563183	entlayon hol	camp (of people)
37563183	entlayon hol	nest (of birds, insects)
37563911	fletwan ston	flat; antbed
37561146	fetwan flai	fat flying insect
37562535	fetwan flai	fat flying sp.
37561150	debil-debil	children’s name for Preying Mantis
37561233	debil-debil	guilty man
37561279	debil-debil	Satan or ghost
37561153	wankain insek	species of insect
37561205	wankain insek	insect?
37561205	wankain insek	two horns
37561205	wankain insek	mouth on head
37563357	wankain insek	insect sp.
37561156	long ai jugabeg	’boy’ sugarbag or honeycomb
37564020	long ai jugabeg	sugarbag : ’boy sugarbag
37561157	bigwan blekwan ent	big black ant
37564104	bigwan blekwan ent	big black
37561160	wankain kokroj	Metallic cockroach
37561161	bigbala bi	type of big bee
37564218	bigbala bi	big sp.
37561164	smolwan	also red dragonfly
37561780	smolwan	a little (bit)
37562704	smolwan	red dragonfly
37563419	smolwan	small stone (agate)
37563606	smolwan	Duck : Wood Duck
37561167	hol bla entlayon	antlion’s pit
37561169	lilwan bidul	small beetle
37561171	boi jugabeg	’boy’ sugarbag
37561171	boi jugabeg	with long compartments
37561171	long ai	’boy’ sugarbag
37561171	long ai	with long compartments
37561173	bigwan bluwan ent	big blue ant.
37561178	lilwan blekwan ent	little black ants
37561180	bigwan blekwan igal	big black
37561180	bigwan blekwan igal	kills anything
37561183	kreb la bilibong	billabong crab
37561581	kreb la bilibong	sp. of crab from billabong
37563141	kreb la bilibong	crab from billabong
37563148	kreb la bilibong	crab sp.from billagong
37561185	grinwan	Mottled cup moth caterpillar
37561185	grinwan	with yellow stings
37561846	grinwan	tea colour
37561846	grinwan	dirtyish
37561846	grinwan	off white as vp blacken
37562384	grinwan	parrot : green parrot
37562602	grinwan	caterpiller
37562602	grinwan	Mottled cup moth
37561186	skin bla insek	shell of insect
37561187	wankain lokus	sort of grey
37561187	sikada	sort of grey
37561189	krismas bidul	Christmas beetle
37562609	krismas bidul	beetle : Christmas beetle
37561212	wankain bidul	fat beetle-like bees
37561212	wankain bidul	red dragonfly
37561212	wankain bidul	Mud-dauber wasp
37562256	wankain bidul	beetle : jewel beetle
37562564	wankain bidul	fat beetle-like
37561194	lilwan blekwan bidul	little black beetle
37561194	lilwan blekwan bidul	black wood beetle
37562672	lilwan blekwan bidul	beetle : black wood beetle
37561196	wankain badaflai	mottled cup moth
37562687	wankain badaflai	mottled cup
37561199	gel jugabeg	’girl’ sugarbag
37561199	gel jugabeg	i.e. short segments
37563616	gel jugabeg	honeycomb : ’girl sugarbag’
37563616	gel jugabeg	ie short segments
37561204	jugabeg bi	Native honey bee
37562493	jugabeg bi	honeycomb of native honey bee
37562520	faiyaflai	flirefly
37562520	im lait lait	flirefly
37561210	jugabeg flai	both Italian and native
37562537	jugabeg flai	Italian and native; flies
37561210	inglijwan en neitib	both Italian and native
37562537	inglijwan en neitib	Italian and native; flies
37561211	bigwan flai	Stalk eyed Ortalid
37561212	bigwan kain bi	fat beetle-like bees
37561212	bigwan kain bi	red dragonfly
37561212	bigwan kain bi	Mud-dauber wasp
37562564	bigwan kain bi	fat beetle-like
37561219	Alawa linggo	Alawa tribe or language
37561219	Alawa pipul	Alawa tribe or language
37563702	Alawa pipul	cf galawa
37563702	Alawa pipul	warliburru
37561220	imin meikim song	singer of songs
37563712	imin meikim song	song maker
37561245	driman	dreamng
37561225	Gunabibi	Kunapipi
37561232	letastik	letter stick
37561234	heviwan Alawa	purported ancestral language from which Alawa derives
37563405	heviwan Alawa	Alawa’s purported ancestral language
37561829	nyugurr	to be hunted away from
37561239	dijeridu	didjeridu
37561242	gos	spirit of dead
37561242	gos	our spirit
37561279	gos	Satan or ghost
37561241	klepstik	clapsticks
37561241	klepstik	beating sticks
37561241	bla sing	clapsticks
37561241	bla sing	beating sticks
37561244	Yaburadurruwa	Yaburadurruwa ceremony
37561247	dens bla olgomen	woman’s dance
37561247	dens bla olgomen	jararda ceremony
37562774	dens bla olgomen	women’s dance
37561250	Jingulu	Tjingili tribe or language
37561267	Jingulu	Tjingili
37561260	Gunibibi	Kunapipi
37561267	Jingili	Tjingili
37561277	Yanyuwa	Yanyuwa (Anyula)
37561278	Yangman	Yangman (language, people)
37561278	Yangman	Yangman
37561281	seikrit serramoni graun	secret corroboree ground
37562435	seikrit serramoni graun	corroboree ground
37561354	bigwan sta	Sirius (star)
37561355	opin kantri	bald (of head)
37561355	bolwan	bald (of head)
37561360	rokples	rock outcrops
37561361	burdibala ston	stone for axe head
37563911	entbed	flat; antbed
37561371	watafol	waterfall (big)
37563353	watafol	waterfall (big).’
37561373	brabli hotbala spring	boiling hot spring
37561374	Jojpen	Orion’s belt and sword scabbard (the Saucepan)
37561381	wet graun	soaked ground
37561381	jok	soaked ground
37561400	wankain ston	rock type
37561407	beingk bla riba	side of hill
37563223	ashis	ashes (see also coals)
37561410	jimok burrum faya	smoke from fire
37561413	dip graun	sleeping hollow
37561414	sloping ston	ordinary stone
37561414	sloping ston	sloping stone
37563000	sloping ston	ordinary or sloping
37561415	blekwan sengraun	mineral sand (black,heavy)
37563009	blekwan sengraun	mineral sand (black, heavy)
37561418	barngras kantri	burnt country
37561420	namo garrim ren	alto-cumulus or cirrus clouds
37561421	sofwan graun	soft ground with hard crust
37561421	hadwan antap	soft ground with hard crust
37561428	fladwota	moving water
37561428	wota la riba	moving water
37561429	braba redwan ston	really red stone
37561432	difren blekwan ston	different black stone
37563104	difren blekwan ston	different black type
37562224	haiwan beingk	high; cliff
37561440	bigbala hil	big high mountain or hill
37562235	bigbala hil	big and high; big hill
37561846	dakbala	tea colour
37561846	dakbala	dirtyish
37561846	dakbala	off white as vp blacken
37561450	sauthwin	south wind in winter
37563647	sauthwin	wind from south in winter
37561450	kolweja taim	south wind in winter
37563647	kolweja taim	wind from south in winter
37561453	warzidila	constellation of the Pointers and alpha and beta Crucis (the two brightest stars of the Southern Cross)
37561453	hukwan bumereing	constellation of the Pointers and alpha and beta Crucis (the two brightest stars of the Southern Cross)
37561456	waiwin	whirlygig
37561456	wili-wili	whirlygig
37561458	renwota	fresh rain water
37561458	blekwan wota	fresh rain water
37561460	klaud garrim ren	rain bearing cloud
37561460	klaud garrim ren	high stratus
37561465	dubala sta	two stars
37562399	mami en dadi	parents (mother and father pair)
37561470	tubala	mother’s brother and his sister’s son pair
37562399	tubala	parents (mother and father pair)
37562400	tubala	uncle and nephew (cross-uncle)
37562400	tubala	uncle and nephew
37561472	dota	man’s daughter
37561472	dota	woman’s brother’s daughter
37561526	dota	man’s child
37561526	dota	woman’s brother’s child
37562470	dota	child of man or of woman’s brother
37563722	dota	daughter of man
37563722	dota	daughter of brother of woman
37561477	grendota	woman’s daughter’s daughter
37561527	grendota	woman’s daughter’s child
37562500	grendota	woman’s daugher’s
37561481	main kantriman olgomen	my (female) relation
37561481	main kantriman olgomen	my relation
37561481	main kantriman olgomen	fellow counryman
37563735	main kantriman olgomen	relation of mine (female)
37563735	main kantriman olgomen	relation of mine
37563735	main kantriman olgomen	my fellow countrywoman
37561483	anti	father’s (older) sister
37563820	anti	aunt (father’s [older] sister, mother’s brother’s wife)
37561522	angkul	mother’s brother or sister
37562220	angkul	uncle or aunt - sibling of mother
37563494	angkul	uncle - mother’s brother
37563963	abuji	grandfather - mother’s father
37563963	ngabuji	grandfather - mother’s father
37561492	banjiman	wife’s or husband’s sisters and brothers
37564077	banjiman	spouse’s sisters and brothers
37564152	gaga	grandmother - mother’s mother
37561497	abija	father’s mother (mother’s father?)
37562693	abija	grandfather - father’s mother
37561505	tubala abuji	cross grandparent and grandchild
37563512	tubala abuji	grandparent and grandchild pair
37561509	asbin o waif	spouse (husband or wife)
37563071	asbin o waif	spouse (husbane or wife)
37561513	bla im dadi	his father (her father?)
37562468	bla im dadi	father of a third person or persons
37561517	main kantriman	my relation
37561517	main kantriman	fellow countryperson
37562147	main kantriman	relation of mine
37562147	main kantriman	my fellow countryperson
37562194	boi bla sista	nephew - siser’s son
37561520	dadi bla ngamuri	paternal great grandparent
37562196	dadi bla ngamuri	great grandparent in father’s line
37561521	tubala kasin	two cousins
37562208	tubala kasin	cousin pair
37561533	enikain fish	any type (generic)
37561533	enikain fish	any type
37561534	wankain bonifish	bony species of fish
37563753	wankain bonifish	bony kind
37561537	nelfish	toothless catfish
37561547	nelfish	nailfish
37561547	nelfish	Eel-tailed catfish
37563806	nelfish	catfish - toothless
37564061	nelfish	Neosilurus sp.
37561538	lilwan yangwan barramandi	small young barramundi
37563833	lilwan yangwan barramandi	small young one
37561570	greibij	crayfish sp. short and black
37563441	greibij	crayfish sp. : short and black
37561541	lilwan lilwan fish	Strawman (fish)
37561541	lilwan lilwan fish	and/or Blue eyes (2 sp.)
37561541	dumaj bon	Strawman (fish)
37561541	dumaj bon	and/or Blue eyes (2 sp.)
37561542	wankain fish	Pennyfish
37561543	wankain fish	fish sp. (or bird?)
37561543	wankain fish	fish sp.
37561549	wankain fish	fish sp. like jewfish
37561551	wankain fish	spangled perch
37561578	wankain fish	Gold line rainbow fish
37563085	wankain fish	fish sp. : Gold line rainbow fish
37563308	wankain fish	fish sp.: Pennyfish
37564083	wankain fish	like jewfish
37561542	garrim blekwan mak	Pennyfish
37563308	garrim blekwan mak	fish sp.: Pennyfish
37561544	bebi rok kod	baby rock cod
37563948	bebi rok kod	cod : sleepy or baby rock cod
37561544	slipikod	baby rock cod
37563948	slipikod	cod : sleepy or baby rock cod
37561545	fish fin	pectoral fish fin
37561548	lilwan ketfish	Berney’s catfish
37564095	lilwan ketfish	catfish : Berney’s
37561549	laik jufish	fish sp. like jewfish
37564083	laik jufish	fish sp.
37564083	laik jufish	like jewfish
37561550	maitbi madkod	rock cod (poss. mud cod?)
37564121	maitbi madkod	cod : rock (poss. mud cod)
37564121	maitbi madkod	cod : rock
37564170	bonfish	bream : bony
37564175	bonfish	fish sp. : Bone fish
37561553	longwan kain fish	long fish sp.
37564174	longwan kain fish	fish : a long sp.
37561557	longwan fish	checkered rainbow fish
37562733	longwan fish	fish : checkered rainbow fish
37561557	laik guligi	checkered rainbow fish
37562733	laik guligi	fish : checkered rainbow fish
37561558	nel bla fish	also pectoral fin
37561558	wiska bla fish	also pectoral fin
37561560	ketfish	like barramundi
37561560	laik barramandi	like barramundi
37561562	wankain marlabangu	sp. of marlabangu
37561562	wankain marlabangu	finger shellfish
37562812	wankain marlabangu	shellfish : finger shellfish
37562812	wankain marlabangu	sp. of shellfish
37561563	tel	incl. of crayfish
37561566	biginini bla yimayirri	young barramundi
37561566	jalgifish	young barramundi
37561569	bonpat bla fish	bone part of fish
37561574	smolwan greibij	small crayfish sp.
37563556	smolwan greibij	crayfish : small sp.
37561575	blekwan kreb	black crab
37561575	blekwan kreb	red crayfish
37563050	blekwan kreb	crab : black; red crayfish
37561575	redwan greibij	black crab
37561575	redwan greibij	red crayfish
37563050	redwan greibij	crab : black; red crayfish
37561579	wankian shel	ear shell type of shell
37561579	wankian shel	round shells
37563076	wankian shel	shell : ear shell type
37561580	bigwan rok kod	big rock cod sp.
37563131	bigwan rok kod	cod : big rock cod sp.
37561582	bigwan ketfish	big sp. of catfish with no fin at top
37563159	bigwan ketfish	catfish : big sp. with no fin at top
37561585	raifulfish	rifle fish
37561591	solwada shelifish	salt water shellfish
37562539	solwada shelifish	shellfish : saltwater
37561592	bigwan greibij	big crayfish sp.
37562566	bigwan greibij	crayfish : big sp.
37561596	longtom fish	Long tom fish
37562448	longtom fish	fish : long tom
37561597	smol shotwan fish	small short fish
37562401	smol shotwan fish	small short sp.
37563704	prabli	proper(ly)
37563704	prabli	real(ly)
37561602	bolwan hed	bald (head)
37561602	bolwan gabarra	bald (head)
37561605	waydwan	wide (river) - all the Roper River
37563810	waydwan	wide (of river)
37563772	yangwan	of child or animals
37563953	yangwan	waterlily stalk
37561607	bajdam	also of time: first time
37561608	lilbit waitwan	pale grey
37561846	lilbit waitwan	tea colour
37561846	lilbit waitwan	dirtyish
37561846	lilbit waitwan	off white as vp blacken
37563836	lilbit waitwan	grey (pale)
37563837	lilbit waitwan	white (off white)
37561612	lilbit redwan	chestnut coloured (hair)
37561614	bla spiya	of spears
37561614	bla spiya	scorpion tail etc.
37561614	skopyon tel	of spears
37561614	skopyon tel	scorpion tail etc.
37561615	olde lukabat gula	be constantly angry
37561619	detibala	of water only
37561619	bla woda	of water only
37561620	nomo balgin	not bitter
37561621	kan tok maj	can’t talk much
37561621	kan tok maj	doesn’t talk much
37562177	kan tok maj	talkative - not talkative
37561622	garrim munda	solid one
37561622	garrim munda	hard (of wind)
37561963	spot spot	spotted one; ring tailed possum
37561795	blandibala	full one (of ground fruit and moon?)
37561795	blandibala	full one
37561795	blandibala	big (supply)
37561628	impotanwan	great (figurative sense)
37561632	hadbala	strong(ly)
37561632	hadbala	loud(ly)
37561635	lilwan dog	tame dog
37563698	lilwan dog	little or tame
37561636	waildog	wild dog of tableland country
37564212	waildog	dog : wild
37564212	waildog	of tableland country
37561638	lilbit lait braun	(red) flying fox
37561642	binji - ajad	outside of stomach
37564217	binji - ajad	stomach (outside)
37561642	ebribit	outside of stomach
37564217	ebribit	stomach (outside)
37561653	wok la ni	go on hands and knees
37561654	irrim la fut	hear someone coming up
37561654	irrimbat fut	hear someone coming up
37561655	bulumwe	pull away from another person
37561655	bulimat	pull away from another person
37561656	skatidim	scatter (it)
37563020	skatidim	scatter something
37561656	skatidimat	scatter (it)
37561658	abum spel	have a rest or a spell (break)
37562362	abum spel	have a rest or spell (break)
37561660	jingat yagay	call ’ouch’
37562367	jingat yagay	to call out or say
37561666	dijan mob	this lot
37561669	la jat ples	to over there
37561670	burrum lodan	from lower down
37561671	la tharran	to that person (man)
37561671	la tharran	to that person
37561672	la tharran	to that (woman)
37563747	la tharran	there : to that woman
37563994	la tharran	that : to that person (man)
37563724	abdajat	there : from there
37561731	rokpleis	rock outcrops
37564112	moning sta	evening; Venus
37561746	jimok brom faya	smoke from fire
37561750	namo garrim rein	alto-cumulus or cirrus clouds
37563466	namo garrim rein	alto-cumulus or cirrus
37561753	woda la riba	moving water
37561754	prapa redwan ston	really red stone
37563554	prapa redwan ston	really red
37561762	blekwan woda	fresh rain water
37561763	klaud garrim rein	rain bearing cloud
37563884	nyumun	moon (new)
37561771	babard	species of bird
37561771	wan kain	species of bird
37561772	fletwan	flat (stone)
37561826	fletwan	type of rock which is flat and round
37562581	fletwan	rock type
37562581	fletwan	flat and round
37563912	fletwan	flat (rock)
37561773	waidwan	big wide (place)
37561773	waidwan	big wide
37561773	waidwan	big voice
37561783	waidwan	wide (river) - all the Roper River
37563920	waidwan	wide place
37561775	netib ket	native cat (totem)
37561830	gadim teist	lots of taste
37561795	dumeni iya	full one (of ground fruit and moon?)
37561795	dumeni iya	full one
37561795	dumeni iya	big (supply)
37561795	o bigwan	full one (of ground fruit and moon?)
37561795	o bigwan	full one
37561795	o bigwan	big (supply)
37561796	rili wetwan	really wet
37561800	heviwan	low (of voice?)
37561846	dardibala	tea colour
37561846	dardibala	dirtyish
37561846	dardibala	off white as vp blacken
37561806	gadim heya	furry tailed
37561806	gadim heya	shady (of bushes)
37561806	gadim sheid	furry tailed
37561806	gadim sheid	shady (of bushes)
37561806	sheidi tri	furry tailed
37561806	sheidi tri	shady (of bushes)
37562785	anli lilbit	only a little bit
37561813	fetwan	of animals
37561817	fetwan	plump (cheeks, etc.)
37561817	fetwan	swollen (from hitting etc.)
37561828	fetwan	big bodied
37562619	fetwan	fat (of people)
37562908	fetwan	fat (of animals)
37563026	fetwan	plump (of cheeks, etc.)
37561813	bla enimul	of animals
37562908	bla enimul	fat (of animals)
37561815	jikiwan	good fighter
37562970	jikiwan	kangaroo : female plain kangaroo
37561815	gel plein keinggurru	good fighter
37562970	gel plein keinggurru	kangaroo : female plain kangaroo
37561816	sketid	scattered (T of curly hair)
37561817	jwolap	plump (cheeks, etc.)
37561817	jwolap	swollen (from hitting etc.)
37563026	jwolap	plump (of cheeks, etc.)
37561817	imin jwelap	plump (cheeks, etc.)
37561817	imin jwelap	swollen (from hitting etc.)
37563026	imin jwelap	plump (of cheeks, etc.)
37561822	lembala	can’t walk at all
37561822	lembala	feeling crook
37561822	nomo gadim ngaridi	can’t walk at all
37561822	nomo gadim ngaridi	feeling crook
37561822	munda	can’t walk at all
37561822	munda	feeling crook
37561822	filim nogud	can’t walk at all
37561822	filim nogud	feeling crook
37561823	laik wijidi	as of witchetty grub
37561824	skopyon teil	of spears
37561824	skopyon teil	scorpion tail etc.
37561826	samkain rok	type of rock which is flat and round
37562581	samkain rok	rock type
37562581	samkain rok	flat and round
37561831	blantwan	of axehead - comes out as soon as you chop a tree
37562636	blantwan	slack (loose, of axehead) slack
37562636	blantwan	slack slack
37562636	blantwan	of axehead -comes out as soon as you chopp a tree
37561828	gadim bigwan bodi	big bodied
37562619	gadim bigwan bodi	fat (of people)
37561829	nomo ledim tajim	to be hunted away from
37561829	tabu	to be hunted away from
37561830	shuga	lots of taste
37561834	gadim munda	solid one
37561834	gadim munda	hard (of wind)
37562232	gadim munda	big (man)
37561836	jigibala teist	bitter (taste)
37561836	jigibala teist	dangerous or savage (of animals and crocodiles)
37561836	jigibala teist	dangerous or savage
37561836	jigibala teist	brackish (water)
37561846	lilbit blekwan	tea colour
37561846	lilbit blekwan	dirtyish
37561846	lilbit blekwan	off white as vp blacken
37561846	go dakbala	tea colour
37561846	go dakbala	dirtyish
37561846	go dakbala	off white as vp blacken
37561846	nomo klinwan	tea colour
37561846	nomo klinwan	dirtyish
37561846	nomo klinwan	off white as vp blacken
37562546	nomo sabi	know not
37561863	sakamsisin	fully circumcised young man or youth
37564109	sakamsisin	circumcised youth
37561862	neshan	nation(s)
37561863	yangman bin kadim	fully circumcised young man or youth
37564109	yangman bin kadim	circumcised youth
37561864	bigeswan gel	prepuberty girl
37563721	bigeswan gel	just prepuberty
37561870	gudwan hanta	good hunter
37561885	bla menija waif	manager’s wife
37561886	bla menija waif	wife of manager
37561893	nyuwan bebi	new baby
37561899	yanggel garrim bebi	young woman who has a child
37563568	yanggel garrim bebi	young who has a child
37562324	big pipul	grownups
37561914	bigwan gelwan keinggurru	female antelopine kangaroo
37563730	bigwan gelwan keinggurru	female antelopine
37561915	gelwan keinggurru	female kangaroo
37561938	gelwan keinggurru	or small stone kangaroo
37562969	gelwan keinggurru	female or small stone
37561916	bigwan dog	greyhound dog
37561916	bigwan dog	like greyhound
37561920	neitib ket	native cat (totem)
37564102	beibi nenigout	baby one
37561932	boiwan plein keinggurru	male plain kangaroo
37562752	boiwan plein keinggurru	male plain
37561936	wankain wolabi	brown hare-wallaby
37562828	wankain wolabi	wallaby : brown hare-wallaby
37561937	bogubain	echidna (porcupine)
37561939	smolwan ston keinggurru	small stone kangaroo
37561939	smolwan ston keinggurru	small euro
37561942	neil bla bogupain	echidna quills
37561942	neil bla bogupain	spike(s) of porcupine
37561942	neil bla bogupain	spike of porcupine
37561943	bogupain	echidna (porcupine)
37561943	gadi neil	echidna (porcupine)
37561954	gelwan redwan keinggurru	female red kangaroo
37562190	gelwan redwan keinggurru	female red
37561959	bigwan blanbo	big flying fox
37561962	posam la rok	prob. brush tailed possum
37563610	posam la rok	brush tailed (prob.)
37563610	posam la rok	brush tailed
37561963	meit bla wanarr	spotted one; ring tailed possum
37561966	smolwan la keib	small flying fox
37561966	smolwan la keib	lives in cave
37561969	ston kantri bogupain	stone country porcupine
37561970	wolabi o bendigut	wallaby or bandicoot
37561972	plein keinggurru	plain kangaroo (big)
37561972	plein keinggurru	plain kangaroo
37561972	plein keinggurru	red kangaroo (male)
37561972	plein keinggurru	Antelopine kangaroo
37561972	plein keinggurru	Macropus antelopinus
37562359	plein keinggurru	antelopine
37562359	plein keinggurru	red male kangaroo
37562359	plein keinggurru	"""plain kangaroo"""
37561977	weks bla irriwul	wax or discharge from ear
37563755	weks bla irriwul	ear discharge
37563231	heya bla bodi	hair on body
37562000	trek bla fut	track of foot
37563301	trek bla fut	track of foot print
37562004	botampat	shin or lower leg
37563980	bekpat bla ni	knee : back of
37562028	sowa	open sore
37562100	sowa	big boil
37562719	sowa	boil (a boil)
37562719	sowa	sore (open sore)
37562062	am	arm (all)
37563547	am	branch of tree or shrub
37562042	fletwan la botam	back part of pelvis
37562895	fletwan la botam	black part
37562045	telbon	hip bone : coccyx
37562048	spredimat bingga	spread hand
37563099	binga	index (pointer)
37562173	hedkol	cold in the head
37562487	bleda	from stone country
37562112	milk snek	prob. snake lizard Lygosoma verreauxi
37562116	wankain snek	lit. no hair on body
37562122	wankain snek	snake sp. all colours
37562121	poisin snek	poison snake
37562121	poisin snek	tree sp for firestick
37562121	poisin snek	also snake sp.
37562128	poisin snek	long one
37562128	poisin snek	same colour as bandiyan
37562128	poisin snek	poisonous/dangerous
37562123	shot nek dadul	tortoise seen at Old St Vidgeon’s
37562123	shot nek dadul	yellow stripe
37562123	shot nek dadul	short neck
37562123	shot nek dadul	Emydura australis or E. sp.
37562131	straipidwan snek	striped snake (poisonous)
37562131	straipidwan snek	striped snake
37562133	trisnek	yellow tree snake
37562139	aligeda tel	crocodile tail
37562141	snek	any snake (generic)
37562141	snek	any snake
37562142	lil poisin snek	litte poison snake
37562142	lil poisin snek	smaller than ’bandiyan (smaller head)
37562142	lil poisin snek	smaller than ’bandiyan
37562146	gadi smel	have a smell or odour
37562162	wid la woda	reeds in water
37562163	kamap bla bowin	swim up
37562163	kamap bla bowin	go up to breathe
37562464	wankain gamtri	Eucalypt sp.
37562485	wankain gamtri	eucalypt sp.
37563542	wankain gamtri	white bark tree
37562182	meikim nois	noise : make a noise
37562666	meikim nois	howl (dingo)
37562666	meikim nois	drone (plane)
37562187	raunwan wumara	round type like spear
37562187	raunwan laik spiya	round type like spear
37562193	hol la wadi	hole : have a hole (of timber). YY
37562205	doa	door (mouth).
37562312	doa	money notes
37562209	pokumat tang	stick tongue out
37562213	goran la sampleis	go round something
37562214	goran la sambodi	go round to someone
37562216	redlili	waterlily : Lotus lily
37562219	luk biyain la	look round side of and up
37562221	wailmelin	’wild sugar’
37562223	wankain sheiditri	shady tree
37562236	meigim hikap	hiccup : cause to
37562242	get seibd	be; be built up
37562250	intit	isn’t it?
37562657	intit	isn’t it? (tag question)
37562254	deigim la im	get someone to come
37562254	gibit la im	get someone to come
37562260	red hot ston	red hot (stone)
37562261	dongki singat	bray (of donkey)
37562272	mait jwalorrum	swallo up
37562814	wisling dak	Grass Whistling
37564264	wisling dak	Grass Whistling duck
37562281	faiya laitim	smoke (of fire)
37562282	laitim faiya	light (a fire)
37562282	laitim faiya	make it burn
37562283	kilim fish	get fish
37562283	godan bla fish	get fish
37562286	injin rorring	sound of engine coming
37562286	misgida singat	sound of engine coming
37562287	meigim ardal	make stone oven
37562288	singat brabli adbala	scream (parrot?)
37562292	pleibat la woda	play (in water)
37562293	digim graun	dig ground
37562293	digim graun	make stone oven
37562293	meigim ston aben	dig ground
37562293	meigim ston aben	make stone oven
37562302	meigim samjing sidan	sit something down
37562308	fraitin bla samting	frightened of
37562312	peipabak tri	money notes
37562686	wankain tri	tree sp. with big leaf
37563513	wankain tri	Grevillea sp.
37562382	wankain	Owl : Barking
37562578	wankain	Large Pied (Large Pied? Cormorant?)
37562578	wankain	Large Pied
37562858	wankain	Kingfisher : Forest
37563237	wankain	grass : three kinds
37563531	wankain	Dove : Bar-shouldered
37563579	wankain	plant species with round leaf
37563697	wankain	plant/tree sp.
37563697	wankain	with big leaf
37564280	wankain	Masked Plover
37564062	libum biyain	pass by something
37562329	wail kasaba	Wild Cassava
37562333	wankain daga	like marble
37563224	wankain daga	fruit sp.
37563224	wankain daga	with taste like apricot
37562334	wodawid	on top of water
37562344	goran la seremoni	go round in corroboree
37562345	go silip	sleep : go to sleep
37562353	aligeida teil	crocodile tail
37562363	wankain pamtri	palm sp.
37562365	wailkokanat	wild coconut
37562384	dakgrin	parrot : green parrot
37562396	daga la graun	food in ground
37562403	naja dubala	another two
37562404	hipdap	be heaped up
37562408	meigim strongwan	to make
37562503	wankain be:d	Grey-crowned
37562736	wankain be:d	and White-gapted
37562860	wankain be:d	lark : Rufous Song-lark (or sp. of duck?)
37562885	wankain be:d	Swallow : White-breasted Wood Swallow
37562920	wankain be:d	Triller : White-winged
37563197	wankain be:d	Pheasant : Swamp Pheasant
37563208	wankain be:d	Greycrowned
37563906	wankain be:d	or Rainbow bird
37563908	wankain be:d	plovers etc.
37563930	wankain be:d	Plover : Banded
37564053	wankain be:d	Red-tailed
37564107	wankain be:d	Black-faced Wood
37564126	wankain be:d	Lark : Brown Song-Lark
37564135	wankain be:d	bird : White-breasted Whistler and White-winged Sitella
37564227	wankain be:d	White-throated
37564229	wankain be:d	bird sp. without crest
37564292	wankain be:d	Rufous Song-lark (or sp. of duck?)
37564292	wankain be:d	Rufous Song-lark
37562423	go gudwei	go good way
37562429	bulugi roud	proper bush track (of animal)
37562429	bulugi roud	proper bush track
37562429	bush trek	proper bush track (of animal)
37562429	bush trek	proper bush track
37562429	enimul trek	proper bush track (of animal)
37562429	enimul trek	proper bush track
37562430	solwoda tadul	with flat hands/feet
37562442	blandim misalb	hide (oneself)
37563787	blandim misalb	make oneself secure
37562446	tharran tubala	those two
37562450	go blekwan	go black
37562455	heya belt	belt from hair
37562455	heya belt	plaited wool
37562458	wankain waguwagu	silky oak type tree
37562462	beibi imiyu	baby one
37562465	fish spiya	spear : wire spear
37562469	brom spring kantri	plant from spring country
37562471	wankain burdiflawa	feather flower
37562475	redwan kain burdiflawa	Christmas bellsor win.ja win.ja
37562475	redwan kain burdiflawa	prob. winyja winyja
37562476	kaman futwok	come up walking
37562478	pudum insaid	put (it) in something
37562478	pudum insaid	put in something
37562483	kaman bigmob	come in big mob
37562486	wud bla faiya	forewood
37562488	peipabak kulaman	coolamon (paperbark)
37562674	peipabak kulaman	cooliman made from paperbark
37562492	barntgras	grass which has been burnt
37562494	wankain fish poisin	Cocky apple
37562501	giyaman la jambodi	lie (tell lie)
37562501	laya la mi	lie (tell lie)
37562502	giyaman	lie (tell lie)
37562518	giyaman	pretend to someone
37562509	la frant la	front : in front of
37562509	disaid la	front : in front of
37562515	dalim laya	lie (tell lie)
37562531	wandim bif	want to eat meat
37562531	wandim bif	be satisfied with meat
37562531	wandim bif	will eat meat
37562531	perish bla bif	want to eat meat
37562531	perish bla bif	be satisfied with meat
37562531	perish bla bif	will eat meat
37562536	peipabak kinu	canoe made from paperbark
37562547	mun gudan	go down of moon
37562547	san gudan	go down of moon
37562554	san gudan	go down (of sun)
37563039	wankain perit	Red-winged
37564228	wankain perit	Cochatiel
37562553	brashawei flai	brush away flies
37562560	grinwan gras	green (new) grass
37562565	sidan hip	sit down all together
37562567	blekberi daga	black berry tucker
37562577	jigiwan aligeida	salt water - man-eater
37562578	kren	Large Pied (Large Pied? Cormorant?)
37562578	kren	Large Pied
37562585	maindim nenigut	look after goats
37562586	wanim dum	what (is he) doing?
37562587	wanim dumbat	what … do
37562594	dak dak	duck (white?)
37562596	pleis bla toilet	toilet place
37562608	mota	sound of engine
37562608	enjin im jingat	sound of engine
37562615	gras la spring	grass sp.
37562623	gudwan bla dagat	nice to eat
37562630	gadem loda teis	lots of taste
37562635	pushum adbala	push hard
37562647	filing wori	feel worried
37562650	spirrit bla pejin	spirit of a person
37564093	gulijab la	close : to be close to something
37562661	gabarrimap gadi blengkit	chuck blanket over
37562664	blo nos	sniff up mucus
37562678	wankain wadul	Acacia with long flower
37562680	wankain wadul	acacia sp.
37563107	wankain wadul	wattle sp.
37563675	wankain wadul	wattle type
37564143	wankain wadul	with bright yellow round flowers
37562681	meigimbat spiya	make (a coolamon or spear)
37562690	pandamis	Pandanis
37562703	garrim no met	no mate
37562708	katim garri eks	cut with axe
37562714	burdiflawa be:d	Silver-crowned
37562716	go mitim	go and meet someone
37562716	gajolaim	go and meet someone
37562730	spit kamat	spit run or drip off
37562722	redwan lili	lilyseed
37562722	redwan lili	red; Lotus lily?
37562725	bigwan pijin	Bar-shouldered
37562730	randan	spit run or drip off
37562740	jigayam	yam : sugar yam
37562740	jugayem	yam : sugar yam
37562742	pedulim	paddle (a canoe)
37562743	ledim go kolbala	cold : leave till getting cold
37562747	jalg	poke (for turtle)
37563770	jalg	poke something in to make hole
37562750	stik bla bunggul	clapsticks for dance
37562755	bigmob waiya	several pieces (a bunch)
37562755	bigmob waiya	several pieces
37562755	5-6-bala	several pieces (a bunch)
37562755	5-6-bala	several pieces
37562756	raunwan daga	fruit sp
37562756	raunwan daga	for food
37562757	pudum la top	hang (something up)
37562757	pudum la top	put it on top
37562762	bardnes	nest of bird
37562764	lilwan kain be:d	swallow : wood swallow
37562767	jingat jangak	corroboree call by men
37562769	shabal spiya	make something die
37562842	shabal spiya	iron shovel spear
37562776	katim	cut (with kniffe)
37562777	wankain sigal	seagull : Silver Gull
37562778	jigal	sea birds
37562780	bluren	blue?
37562787	gajim gadi hen	catch (fish, etc.)
37562787	gajim gadi hen	feel for (it)
37562788	lili stem	waterlily stem
37562788	jawjaw	waterlily stem
37562794	pushum gadi hen	push with the hand
37562798	hambag la	cause too much noise
37562804	kilim la stik	hit bushes with a stick to shake them
37562804	sheikim bujij	hit bushes with a stick to shake them
37562810	jalgim	poke with stick (to find turtle, etc.)
37562810	jalgim	poke with stick
37564046	jalgim	keep on jabbing
37562818	wankain wisling be:d	Robust; Dusky Warbler
37564267	wankain wisling be:d	Robust Whistler
37564267	wankain wisling be:d	Dusky Warbler?
37564268	wankain lilwan be:d	Fairy Warblers
37562832	go la said	go along side (of hill)
37562833	dubala samkain gras	grass sp.
37564272	dubala samkain gras	two grasses
37562842	shabal nos spiya	iron shovel spear
37562847	waitwan burdiflawa	yellow flowered
37564282	waitwan burdiflawa	yellow floered Hibiscus
37564283	jing jing	suck breat
37562862	lilwan lif	something with
37564294	lilwan lif	something with little leaf?
37564295	lildak	little duck
37564295	wisling	little duck
37564296	longwan wadi	long yamstick
37564296	longwan yemstik	long yamstick
37564296	bla solwoda tri	long yamstick
37562872	bodl tri	tree : ’bottle tree’
37562878	fok bla tri	fork of tree
37562891	wankain pijin	Bar-shouldered
37563161	wankain pijin	Partridge Pigeon
37562892	dabulum misalb	cross leg
37562898	peipabak hawus	humpy made from paperbark or stringybark
37564311	peipabak hawus	paperbark humpy
37562898	peipabak hampi	humpy made from paperbark or stringybark
37564311	peipabak hampi	paperbark humpy
37562922	twistim faiyastik	twirl a fire stick
37564329	neidib jumbago	native tobacco
37562926	kemp bla singgulmen	camp for single men
37564330	kemp bla singgulmen	single men’s camp
37562932	jirjirdok	Black-headed
37564335	jirjirdok	Black-headed Pardalote
37562935	rostim la graun	roast on the ground
37562937	godan en ap	go down then up
37562939	wankain medsin	old time medicine plant
37562947	pulap yem	pull up (yams)
37564006	brekim	break - holde
37564006	brekim	bite off and break
37562951	prikliwan	prickly type
37564350	prikliwan	pirckly vine sp.
37562952	go eingul dip	go ankle deep
37562956	la midul	middle : to be in the middle
37563253	la midul	middle : in the middle
37564352	la midul	to be in the middle
37562957	bigwan longwan naif	machete style
37564353	bigwan longwan naif	big long knife
37562965	splitim la binji	split down front of kangaroo
37563359	burrumin	throw in (to water)
37562983	shek	shiver (with fright)
37562984	bigwan perit	Red-winged
37562986	bildimbat faiya	pick up wood and bring up to the hole
37564376	lilwan lilwan buj	small ground shrub
37562994	go wail la	angry : get angry at someone
37564378	go wail la	get wild at (someone)
37564378	go wail la	get wild at
37564378	go wail la	get angry at someone
37562994	gula jampap	angry : get angry at someone
37563200	gula jampap	get wild
37564378	gula jampap	get wild at (someone)
37564378	gula jampap	get wild at
37564378	gula jampap	get angry at someone
37562997	bogi bla yalbun	dive for lilyseed
37563010	barn garri fiba	burn (with fever)
37563011	wankain gras	grass sp.
37563012	draiwan wud	dead wood or leaves
37564388	draiwan wud	dry or dead wood or leaves
37563012	dedwan lif	dead wood or leaves
37564388	dedwan lif	dry or dead wood or leaves
37563014	gibit jik la	cheek : giving cheek
37564389	gibit jik la	giving cheek
37563014	jigibala la	cheek : giving cheek
37564389	jigibala la	giving cheek
37563014	tisin	cheek : giving cheek
37564389	tisin	giving cheek
37563015	wulijeim kinu	coolimon
37563015	wulijeim kinu	canoe-shaped
37563170	goran goran	go round and round (whirlygig)
37563037	fulwan	full one
37563040	meikim im hevi	heavy : be heavy for someone to carry
37563043	oldentaim	long time (ago)
37563051	daga bla barlarlbab	fruit of a reed
37563057	leidan la wansaid	lie on one side
37563065	bigwan braba perit	big red sp. with red wings
37563065	redwan wing	big red sp. with red wings
37563068	san hotwan	sun hot
37563075	wankain buj	northn sp.
37563101	wankain buj	shrub sp.
37563543	wankain buj	Hibiscus-like shrub
37563819	wankain buj	one type
37564115	wankain buj	shrub stype
37563087	difrenwan	cooliman
37563087	difrenwan	different sort
37563088	daga samting	fruit type
37563089	hantimwe	hunt (something?) away (from there)
37563096	lilirut	waterlily root
37563752	lilirut	Water Lily root
37563098	kuliba	Coolibah
37563102	la bush	wadul
37563102	la bush	wankain
37563113	gro fetwan	to get fat
37563116	hevi gadi slip	sleep : heavy with sleep
37563117	menggrob	mangrove?
37563120	go plei	go and play
37563130	frog singat	croak (frog)
37563135	meigim se:kul	gather into a circle
37563143	bigmob go	go in a big group
37563145	wankain fig	fig sp.
37563147	dumbat rongwei	do wrong(ly)
37563246	banbamis	Pandanis
37563154	lukabdimbat	look after someone
37563154	maindimbat	look after someone
37563160	twistim mijalb nek	twist one’s neck
37563169	gadi shotwan nek	Pied or Little Black
37563180	jidan niap	sit with knees up and feet down
37563187	faiyastik tri	fire stick tree or implement
37563538	faiyastik tri	fire stick tree
37563194	blobeg	white (hair)
37563194	blobeg	greying hair
37563200	git wail	get wild
37563205	nomo jabi	understand : can’t
37563206	meiki smok	smoke : to make
37563207	bigmob gowei	go away in a big group (big mob)
37563207	bigmob ran	go away in a big group (big mob)
37563218	lilwan grinwan gus	Goose : Green Pygmy
37563221	burrumap	put up (tent)
37563223	kol bla faiya	ashes (see also coals)
37563224	laik eprikot	fruit sp.
37563224	laik eprikot	with taste like apricot
37563237	jugabeg gras	grass : three kinds
37563937	jugabeg gras	sugarbag grass
37563238	redwan kol	coals in fire
37563238	redwan ashis	coals in fire
37563261	wankain wodabe:d	bird : water bird
37563278	swet gidap	hot - to be
37563281	beikim	knead (dough)
37563281	hit la hed	knead (dough)
37563282	karrimat	tired - to be
37563287	dayimap	tie up (with string)
37563291	bastimap gadi hen	bust with hand (as egg)
37563291	bastimap gadi hen	bust with hand
37563291	bastimap gadi hen	break with hand
37563295	weksimap	put wax on
37563297	linoba	lean against something
37563303	im deya	that (one)
37563310	imin stak	to be caught
37563312	meiki lait	fire burn at night - to see this
37563316	redwan o kolbala	hot or cold
37563319	steisan	cattle station
37563320	liliflawa	waterlily flower
37563323	mak la samting	mark to be there
37563324	bastimap jat graun	break up the ground?
37563327	rili wait	to be white
37563335	bulum bambu	play didjeridu
37564186	wisling igal	fork-tailed and square-tailed kites
37563341	wankain dakdak	duck sp.
37563976	gadem redwan burdiflawa	plant with red flower
37563359	meikim dirrwu	throw in (to water)
37563360	diwaj	little ducks
37563360	lilwan dakdak	little ducks
37563363	kukm la ashis	cook on red
37563363	kukm la ashis	hot ground
37563364	kuk la ashis	cook on red
37563364	kuk la ashis	hot ground
37563368	bajimap en flai	fly someone
37563369	bajimap gadi plen	fly away with
37563369	bajimap gadi plen	bring by plane
37563369	flaiwei gadim samting	fly away with
37563369	flaiwei gadim samting	bring by plane
37563383	dekimat ola sid	take out all seeds from lilyseed
37563385	rut bla tri	root or trunk of tree
37563387	nokim samting	knock something
37563388	gowe trabling	be traveling
37563389	olijem bo	bow-like
37563391	splitim	split (wood)
37563392	jandulwud	medicine tree
37563392	jandulwud	like wattle
37563392	jandulwud	black fruit; Sandalwood
37563392	medsin tri	medicine tree
37563392	medsin tri	like wattle
37563392	medsin tri	black fruit; Sandalwood
37563392	laik wadul	medicine tree
37563392	laik wadul	like wattle
37563392	laik wadul	black fruit; Sandalwood
37563392	gadem blekwan daga	medicine tree
37563392	gadem blekwan daga	like wattle
37563392	gadem blekwan daga	black fruit; Sandalwood
37563394	meigim hip	push in (coals)
37563394	meigim hip	push together into a heap
37563419	spiya hed	small stone (agate)
37563420	braunkren	Heron : Great-billed (and) White-necked
37563422	braunkren	white-fronted
37563420	braunwan kren	Heron : Great-billed (and) White-necked
37563423	wankain feja	spotted from crow
37563427	wudwan	cooliman
37563427	wudwan	for soaking yams (yanbarr)
37563427	wudwan	for soaking yams
37563427	bla jogim yem	cooliman
37563427	bla jogim yem	for soaking yams (yanbarr)
37563427	bla jogim yem	for soaking yams
37563445	goap raitap la	climb up to
37563445	goap raitap la	reach (a place)
37563448	baitim	break with teeth
37564006	baitim	break - holde
37564006	baitim	bite off and break
37563448	breigim garri tus	break with teeth
37563456	growimap biginini	rear children
37563456	growimap biginini	have children growing up
37563456	growimap kid	rear children
37563456	growimap kid	have children growing up
37563457	mabulwud	tree : ’Marble’
37563461	riba kantri tri	tree from river country
37563476	neil bla bogabain	spike(s) of porcupine
37563476	neil bla bogabain	spike of porcupine
37563487	burdi perit	parrot : green parrots
37563497	laitwan kain tri	light sp.
37563501	lukarta	look after a person
37563514	sheik leg	shake knees in dance
37563515	sheik leg	shake leg dance; beat time with stick
37563515	yusim klepstik	shake leg dance; beat time with stick
37563517	sopitri	soap tree
37563925	sopitri	soapy tree
37563518	tok la im	talk about one another
37563521	drai stik	stick or bush
37563521	drai stik	small shrub
37563521	drai buj	stick or bush
37563521	drai buj	small shrub
37563525	drim wanim	dream something
37563528	meikim sambodi karrimap	carry : make someone carry
37563542	gadem waitwan bak	white bark tree
37563552	faiyalif tri	fire leaf tree
37563558	barnimbat heya	singe hair
37563570	jidanlabat	sit : be sitting down
37563570	jidanabat	sit : be sitting down
37563572	wisling tri	river oak
37564037	wisling tri	River Oak
37563572	la solwoda	river oak
37563579	gadi redwan lif	plant species with round leaf
37563584	gudhanta	champion at hunting
37563586	jugalif	sugar leaf
37563595	solwoda aligeida	salt water (dangerous)
37563604	boiwan faiyastik	stick (pointed) in fire making kit
37563604	pointiwan stik	stick (pointed) in fire making kit
37563612	wankain walabi daga	tucker of wallaby
37563612	wankain walabi daga	one kind
37563623	wankain lilwan peipabak	small wattle-like leafed
37563625	waitgras	white grass
37563630	leidan beliap	lie belly up
37563631	pudum beliap	lay belly up
37563639	tok tok gija	talk among themselves
37563641	te:n	turn : a turn
37563649	wakwak singat	caw (of crow)
37563653	boilim det woda	churn up (water)
37563658	jagim spiya	throw spear
37563659	warrab	cause to; lay match to
37563666	warridila	constellation of the Pointers and alpha and beta Crucis (the two brightest stars of the Southern Cross)
37563669	kilim gadi roup	hit with rope
37563681	wokabat insaid	walk around inside
37563683	gibit rum	make space
37563686	meigim bako	vomit : make vomit
37563689	holo la tri	hole in tree
37563856	ston aben	oven of stones
37563696	ajad	outside the camp
37563975	ajad	away from the fire
37563697	gadi big lif	plant/tree sp.
37563697	gadi big lif	with big leaf
37563702	Alawa linggu	cf galawa
37563702	Alawa linggu	warliburru
37563704	propa	proper(ly)
37563704	propa	real(ly)
37563711	la det pleis	there : to over there
37563713	imin bajimap	fetched?
37563716	brom lodan	down : from lower down
37563724	brom deya	there : from there
37563736	dijan iya	this here (fem.)
37563740	gelwanpat bla faiyastik	fire stick equipment: ’female’ part
37563743	jigi gras	grass : knife grass sp.
37563760	brom iya	here : from here
37563760	brom dijan	here : from here
37563762	tharrei gin	here somewhere
37563762	iya samwea	here somewhere
37563768	jamp jamp	jump with fright
37563768	mubabat	jump with fright
37563770	jalgimim	poke something in to make hole
37563776	lilistem	waterlily stem
37563953	lilistem	waterlily stalk
37563776	jaw-jaw	waterlily stem
37563787	meigim misalb strong	make oneself secure
37563787	faindim trek	make oneself secure
37563821	mabul tri	marble tree
37563821	wankain bush	marble tree
37563839	wankain lili	waterlily sp.
37563839	wankain lili	gurryag
37563844	draimat la san	dry out in sun (lilyseed, etc.)
37563852	futeik	foot aching
37563855	pleiwan spiya	toy one
37563864	lilwan lilwan stik	in grass
37563868	la tap	top - on top
37563882	la tap	top : on top
37563879	sing gadim stik	beat boomerangs or clapsticks
37563886	shiftim misalb	shift oneself
37563890	lililif	waterlily leaf
37563898	meigim leidan lagijat	make lie
37563915	kan wok	can’t walk
37563918	meigim goin	go in : to make someone/thing
37563922	wankain longwan gras	long sp.
37563927	nek bla be:d	throat of bird
37563949	lirri-lirri	lirri-lirri
37563958	kadim gadi tomiok	cut with a tomahawk
37563961	tharran deya	that one there
37563962	brom tharrei	from that way
37563970	katim raitap	chop once
37563970	katim raitap	chop in one go
37563971	gejim garra hen	scooop up with hands
37563992	im jarre	that direction
37563996	gejim wada	get water round for water
37563997	raunbala bla wada	round for water
37563999	bulumat burrum faya	take out from fire
37563999	bulumat burrum faya	sweep dust away
37564002	lilwan gras lisad	common grass copper-tailed
37564006	brekim - gejim	break - holde
37564006	brekim - gejim	bite off and break
37564017	kerisinwud	Kerosene Tree
37564017	kerisinwud	emu tucker
37564046	spirim	keep on jabbing
37564046	jalg la	keep on jabbing
37564047	rostim la aben	roast in oven
37564048	mekim jigibala	to make
37564049	munanga eks	steel (whiteman’s)
37564051	wankain wadi	shrub/tree with round fruit
37564051	gadem raunwan daga	shrub/tree with round fruit
37564054	wankain lilwan wadi	fern sp.
37564058	jiginok	hawk : ’kite hawk’
37564064	tadulok	hawk : ’kite hawk’
37564064	kwaitok	hawk : ’kite hawk’
37564065	singinat	call up someone
37564065	kolumap	call up someone
37564066	lilbit longwei	a little way away
37564067	lilbit longwei	far : too far
37564069	go thru	go through come through - go/come
37564069	kaman thru	go through come through - go/come
37564070	pulumat brom faiya	take out from the fire
37564070	pulumat brom faiya	remove from fire
37564071	blukrein	heron : Great-billed and White-necked herons
37564075	irrim mijalb	feel (oneself)
37564075	filim mijalb	feel (oneself)
37564082	buldan la	tumble (trans)
37564082	tamblim	tumble (trans)
37564082	gerd gerd la	tumble (trans)
37564088	krol kriol	go on hands and knees
37564090	jingat gelele	call gelele
37564119	mekim sikbala	make someone no good
37564119	mekim sikbala	sick of you
37564125	maindim mijalb	careful - be
37564135	gadi red ai	bird : White-breasted Whistler and White-winged Sitella
37564138	alta	money (coin)
37564139	danim la ston	stone - turn to
37564139	go olijem ston	stone - turn to
37564145	go lida	go in lead
37564145	go lalid	go in lead
37564151	jigiaul	Owl : Masked
37564151	jigiaul	Barn?
37564162	bla wajim	soap (gulag gulagnguwal)
37564184	abdanuntaim	yesterday in the afternoon or evening
37564186	liligal	fork-tailed and square-tailed kites
37564191	ai bla spiya	spear barb
37564192	sorri bla sambodi	sorry - feel sorry for someone
37564249	gwelew	Curlew : Southern Stone
37564254	Guyanggan	Guyangan
